series_instance_uid,patient_id,n_slices,z_min,z_max,z_spacing,z_ascending,z_uniform,row_spacing,col_spacing,thickness,rows,cols,axial,header_series_ok,one_spacing,slope_is_1
1.3.6.1.4.1.14519.5.2.1.6279.6001.100225287222365663678666836860,LIDC-IDRI-1001,194,-438.4,-91.0,1.8000000000000114,True,True,0.64453125,0.64453125,2.0,512,512,True,True,True,True
1.3.6.1.4.1.14519.5.2.1.6279.6001.100332161840553388986847034053,LIDC-IDRI-0778,481,-268.119995,31.879999,0.625,True,True,0.703125,0.703125,1.25,512,512,True,True,True,True
1.3.6.1.4.1.14519.5.2.1.6279.6001.100398138793540579077826395208,LIDC-IDRI-0813,157,716.7,997.5,1.7999999999999545,True,True,0.625,0.625,2.0,512,512,True,True,True,True
1.3.6.1.4.1.14519.5.2.1.6279.6001.100530488926682752765845212286,LIDC-IDRI-0710,471,-316.464996,-22.715,0.625,True,True,0.664062,0.664062,1.25,512,512,True,True,True,True
1.3.6.1.4.1.14519.5.2.1.6279.6001.100620385482151095585000946543,LIDC-IDRI-0410,126,-325.119995,-12.62,2.5,True,True,0.664062,0.664062,2.5,512,512,True,True,True,True
1.3.6.1.4.1.14519.5.2.1.6279.6001.100621383016233746780170740405,LIDC-IDRI-1002,321,-657.0,-337.0,1.0,True,True,0.556640625,0.556640625,2.0,512,512,True,True,True,True
1.3.6.1.4.1.14519.5.2.1.6279.6001.100684836163890911914061745866,LIDC-IDRI-0745,171,-351.5,-45.5,1.8000000000000114,True,True,0.48828125,0.48828125,2.0,512,512,True,True,True,True
1.3.6.1.4.1.14519.5.2.1.6279.6001.100953483028192176989979435275,LIDC-IDRI-0182,133,-341.5,-11.5,2.5,True,True,0.703125,0.703125,2.5,512,512,True,True,True,True
1.3.6.1.4.1.14519.5.2.1.6279.6001.101228986346984399347858840086,LIDC-IDRI-0026,257,-345.0,-25.0,1.25,True,True,0.787109,0.787109,1.25,512,512,True,True,True,True
1.3.6.1.4.1.14519.5.2.1.6279.6001.102133688497886810253331438797,LIDC-IDRI-0830,280,506.799988,785.799988,1.0,True,True,0.626953125,0.626953125,2.0,512,512,True,True,True,True
1.3.6.1.4.1.14519.5.2.1.6279.6001.102681962408431413578140925249,LIDC-IDRI-0187,143,-394.5,-39.5,2.5,True,True,0.859375,0.859375,2.5,512,512,True,True,True,True
1.3.6.1.4.1.14519.5.2.1.6279.6001.102962801900681595502684962582,LIDC-IDRI-0134,118,1320.5,1671.5,3.0,True,True,0.705,0.705,3.0,512,512,True,True,True,True
1.3.6.1.4.1.14519.5.2.1.6279.6001.103115201714075993579787468219,LIDC-IDRI-0123,236,-305.75,-14.0,1.25,True,False,0.859375,0.859375,1.25,512,512,True,True,True,True
1.3.6.1.4.1.14519.5.2.1.6279.6001.104562737760173137525888934217,LIDC-IDRI-0766,280,-576.700012,-297.700012,1.0,True,True,0.830078125,0.830078125,1.0,512,512,True,True,True,True
1.3.6.1.4.1.14519.5.2.1.6279.6001.104577655443617884345707415897,LIDC-IDRI-0334,127,342.0,720.0,3.0,True,True,0.75,0.75,3.0,512,512,True,True,True,True
1.3.6.1.4.1.14519.5.2.1.6279.6001.104780906131535625872840889059,LIDC-IDRI-0138,273,-345.0,-5.0,1.25,True,True,0.878906,0.878906,1.25,512,512,True,True,True,True
1.3.6.1.4.1.14519.5.2.1.6279.6001.105495028985881418176186711228,LIDC-IDRI-0114,214,-237.75,28.5,1.25,True,True,0.878906,0.878906,1.25,512,512,True,True,True,True
1.3.6.1.4.1.14519.5.2.1.6279.6001.105756658031515062000744821260,LIDC-IDRI-0721,121,-335.209991,-35.209999,2.5,True,True,0.761719,0.761719,2.5,512,512,True,True,True,True
1.3.6.1.4.1.14519.5.2.1.6279.6001.106164978370116976238911317774,LIDC-IDRI-0236,133,-329.25,0.75,2.5,True,True,0.625,0.625,2.5,512,512,True,True,True,True
1.3.6.1.4.1.14519.5.2.1.6279.6001.106379658920626694402549886949,LIDC-IDRI-0278,214,-272.75,-6.5,1.25,True,True,0.78125,0.78125,1.25,512,512,True,True,True,True
1.3.6.1.4.1.14519.5.2.1.6279.6001.106419850406056634877579573537,LIDC-IDRI-0804,132,-370.100006,-42.599998,2.5,True,True,0.751953,0.751953,2.5,512,512,True,True,True,True
1.3.6.1.4.1.14519.5.2.1.6279.6001.106630482085576298661469304872,LIDC-IDRI-0184,140,-348.0,-0.5,2.5,True,True,0.625,0.625,2.5,512,512,True,True,True,True
1.3.6.1.4.1.14519.5.2.1.6279.6001.106719103982792863757268101375,LIDC-IDRI-0965,328,1604.0,1931.0,1.0,True,True,0.7421875,0.7421875,2.0,512,512,True,True,True,True
1.3.6.1.4.1.14519.5.2.1.6279.6001.107109359065300889765026303943,LIDC-IDRI-0890,230,-297.5,-11.25,1.25,True,True,0.732422,0.732422,1.25,512,512,True,True,True,True
1.3.6.1.4.1.14519.5.2.1.6279.6001.107351566259572521472765997306,LIDC-IDRI-0481,259,-303.5,-45.5,1.0,True,True,0.60546875,0.60546875,1.0,512,512,True,True,True,True
1.3.6.1.4.1.14519.5.2.1.6279.6001.108193664222196923321844991231,LIDC-IDRI-0889,121,-322.839996,-22.84,2.5,True,True,0.5625,0.5625,2.5,512,512,True,True,True,True
1.3.6.1.4.1.14519.5.2.1.6279.6001.108197895896446896160048741492,LIDC-IDRI-0122,119,-313.75,-18.75,2.5,True,True,0.742188,0.742188,2.5,512,512,True,True,True,True
1.3.6.1.4.1.14519.5.2.1.6279.6001.108231420525711026834210228428,LIDC-IDRI-0017,238,-287.75,8.5,1.25,True,True,0.728516,0.728516,1.25,512,512,True,True,True,True
1.3.6.1.4.1.14519.5.2.1.6279.6001.109002525524522225658609808059,LIDC-IDRI-0447,161,-194.0,6.0,1.25,True,True,0.548828,0.548828,1.25,512,512,True,True,True,True
1.3.6.1.4.1.14519.5.2.1.6279.6001.109203031650348694844047454215,LIDC-IDRI-0812,143,-465.5,-39.5,3.0,True,True,0.63476563,0.63476563,3.0,512,512,True,True,True,True
1.3.6.1.4.1.14519.5.2.1.6279.6001.109882169963817627559804568094,LIDC-IDRI-0513,468,-378.5,-51.6,0.6999999999999886,True,True,0.5390625,0.5390625,0.75,512,512,True,True,True,True
1.3.6.1.4.1.14519.5.2.1.6279.6001.110399334711437930497698442208,LIDC-IDRI-0550,115,1287.0,1629.0,3.0,True,True,0.789,0.789,3.0,512,512,True,True,True,True
1.3.6.1.4.1.14519.5.2.1.6279.6001.110499927630654433643791451680,LIDC-IDRI-0418,231,-266.25,15.0,1.25,False,False,0.955078,0.955078,1.25,512,512,True,True,True,True
1.3.6.1.4.1.14519.5.2.1.6279.6001.110678335949765929063942738609,LIDC-IDRI-0606,633,-344.5,-28.5,0.5,True,True,0.541015625,0.541015625,0.6,512,512,True,True,True,True
1.3.6.1.4.1.14519.5.2.1.6279.6001.110835886706944718242055570943,LIDC-IDRI-0962,123,-372.5,-6.5,3.0,True,True,0.646484375,0.646484375,3.0,512,512,True,True,True,True
1.3.6.1.4.1.14519.5.2.1.6279.6001.111017101339429664883879536171,LIDC-IDRI-0760,196,-173.75,70.0,1.25,True,True,0.585938,0.585938,1.25,512,512,True,True,True,True
1.3.6.1.4.1.14519.5.2.1.6279.6001.111172165674661221381920536987,LIDC-IDRI-0684,538,-298.774994,36.849998,0.625,True,True,0.742188,0.742188,1.25,512,512,True,True,True,True
1.3.6.1.4.1.14519.5.2.1.6279.6001.111258527162678142285870245028,LIDC-IDRI-0305,253,-314.75,0.25,1.25,True,True,0.625,0.625,1.25,512,512,True,True,True,True
1.3.6.1.4.1.14519.5.2.1.6279.6001.111496024928645603833332252962,LIDC-IDRI-0341,246,-312.5,-6.25,1.25,True,True,0.617188,0.617188,1.25,512,512,True,True,True,True
1.3.6.1.4.1.14519.5.2.1.6279.6001.111780708132595903430640048766,LIDC-IDRI-0495,348,-386.0,-39.0,1.0,True,True,0.703125,0.703125,1.0,512,512,True,True,True,True
1.3.6.1.4.1.14519.5.2.1.6279.6001.112020141051733785092412736928,LIDC-IDRI-0354,113,1383.5,1719.5,3.0,True,True,0.637,0.637,3.0,512,512,True,True,True,True
1.3.6.1.4.1.14519.5.2.1.6279.6001.112740418331256326754121315800,LIDC-IDRI-0772,149,-383.75,-13.75,2.5,True,True,0.78125,0.78125,2.5,512,512,True,True,True,True
1.3.6.1.4.1.14519.5.2.1.6279.6001.112767175295249119452142211437,LIDC-IDRI-0124,117,-311.25,-21.25,2.5,True,True,0.78125,0.78125,2.5,512,512,True,True,True,True
1.3.6.1.4.1.14519.5.2.1.6279.6001.113586291551175790743673929831,LIDC-IDRI-0657,413,-258.88501,-1.385,0.625,True,True,0.703125,0.703125,1.25,512,512,True,True,True,True
1.3.6.1.4.1.14519.5.2.1.6279.6001.113679818447732724990336702075,LIDC-IDRI-0088,241,-292.5,7.5,1.25,True,True,0.609375,0.609375,1.25,512,512,True,True,True,True
1.3.6.1.4.1.14519.5.2.1.6279.6001.113697708991260454310623082679,LIDC-IDRI-0202,111,-293.75,-18.75,2.5,True,True,0.78125,0.78125,2.5,512,512,True,True,True,True
1.3.6.1.4.1.14519.5.2.1.6279.6001.114195693932194925962391697338,LIDC-IDRI-0828,255,-335.579987,-18.08,1.25,True,True,0.625,0.625,1.25,512,512,True,True,True,True
1.3.6.1.4.1.14519.5.2.1.6279.6001.114218724025049818743426522343,LIDC-IDRI-0722,509,-337.73999,-20.24,0.625,True,True,0.703125,0.703125,1.25,512,512,True,True,True,True
1.3.6.1.4.1.14519.5.2.1.6279.6001.114249388265341701207347458535,LIDC-IDRI-0485,232,-303.5,-14.75,1.25,True,True,0.742188,0.742188,1.25,512,512,True,True,True,True
1.3.6.1.4.1.14519.5.2.1.6279.6001.114914167428485563471327801935,LIDC-IDRI-0810,458,-289.890015,-4.265,0.625,True,True,0.585938,0.585938,1.25,512,512,True,True,True,True
1.3.6.1.4.1.14519.5.2.1.6279.6001.115386642382564804180764325545,LIDC-IDRI-0874,548,-198.179993,143.695007,0.625,True,True,0.664062,0.664062,1.25,512,512,True,True,True,True
1.3.6.1.4.1.14519.5.2.1.6279.6001.115689755198961598722158240121,LIDC-IDRI-0154,115,-1242.0,-900.0,3.0,True,True,0.702,0.702,3.0,512,512,True,True,True,True
1.3.6.1.4.1.14519.5.2.1.6279.6001.116097642684124305074876564522,LIDC-IDRI-0784,458,-260.475006,25.15,0.625,True,True,0.703125,0.703125,1.25,512,512,True,True,True,True
1.3.6.1.4.1.14519.5.2.1.6279.6001.116492508532884962903000261147,LIDC-IDRI-0581,139,-361.429993,-16.43,2.5,True,True,0.628906,0.628906,2.5,512,512,True,True,True,True
1.3.6.1.4.1.14519.5.2.1.6279.6001.116703382344406837243058680403,LIDC-IDRI-0909,506,-304.690002,10.935,0.625,True,True,0.664062,0.664062,1.25,512,512,True,True,True,True
1.3.6.1.4.1.14519.5.2.1.6279.6001.117040183261056772902616195387,LIDC-IDRI-0912,315,-698.300049,-384.300049,1.0,True,True,0.830078125,0.830078125,2.0,512,512,True,True,True,True
1.3.6.1.4.1.14519.5.2.1.6279.6001.117383608379722740629083782428,LIDC-IDRI-0038,133,-316.0,14.0,2.5,True,True,0.664062,0.664062,2.5,512,512,True,True,True,True
1.3.6.1.4.1.14519.5.2.1.6279.6001.118140393257625250121502185026,LIDC-IDRI-0973,193,-415.6,-70.0,1.8000000000000114,True,True,0.703125,0.703125,2.0,512,512,True,True,True,True
1.3.6.1.4.1.14519.5.2.1.6279.6001.118924792893665851774878880764,LIDC-IDRI-0426,116,1407.5,1752.5,3.0,True,True,0.702,0.702,3.0,512,512,True,True,True,True
1.3.6.1.4.1.14519.5.2.1.6279.6001.119209873306155771318545953948,LIDC-IDRI-0673,519,-330.5,-6.75,0.625,True,True,0.644531,0.644531,1.25,512,512,True,True,True,True
1.3.6.1.4.1.14519.5.2.1.6279.6001.119304665257760307862874140576,LIDC-IDRI-0951,300,-740.799988,-441.799988,1.0,True,True,0.607421875,0.607421875,1.0,512,512,True,True,True,True
1.3.6.1.4.1.14519.5.2.1.6279.6001.119515474430718803379832249911,LIDC-IDRI-0743,209,-405.4,-31.0,1.8000000000000114,True,True,0.625,0.625,2.0,512,512,True,True,True,True
1.3.6.1.4.1.14519.5.2.1.6279.6001.119806527488108718706404165837,LIDC-IDRI-0376,561,-281.244995,68.754997,0.625,True,True,0.703125,0.703125,1.25,512,512,True,True,True,True
1.3.6.1.4.1.14519.5.2.1.6279.6001.120196332569034738680965284519,LIDC-IDRI-0401,133,-364.049988,-34.049999,2.5,True,True,0.761719,0.761719,2.5,512,512,True,True,True,True
1.3.6.1.4.1.14519.5.2.1.6279.6001.120301525825493211649827266081,LIDC-IDRI-0998,107,-360.5,-42.5,3.0,True,True,0.7421875,0.7421875,3.0,512,512,True,True,True,True
1.3.6.1.4.1.14519.5.2.1.6279.6001.120842785645314664964010792308,LIDC-IDRI-0166,133,-346.75,-16.75,2.5,True,True,0.703125,0.703125,2.5,512,512,True,True,True,True
1.3.6.1.4.1.14519.5.2.1.6279.6001.121108220866971173712229588402,LIDC-IDRI-0350,270,-362.890015,-26.639999,1.25,True,True,0.603516,0.603516,1.25,512,512,True,True,True,True
1.3.6.1.4.1.14519.5.2.1.6279.6001.121391737347333465796214915391,LIDC-IDRI-0829,244,-312.25,-8.5,1.25,True,True,0.728516,0.728516,1.25,512,512,True,True,True,True
1.3.6.1.4.1.14519.5.2.1.6279.6001.121805476976020513950614465787,LIDC-IDRI-0668,120,-366.48999,-68.989998,2.5,True,True,0.761719,0.761719,2.5,512,512,True,True,True,True
1.3.6.1.4.1.14519.5.2.1.6279.6001.121824995088859376862458155637,LIDC-IDRI-0569,197,-400.3,-47.5,1.8000000000000114,True,True,0.625,0.625,2.0,512,512,True,True,True,True
1.3.6.1.4.1.14519.5.2.1.6279.6001.121993590721161347818774929286,LIDC-IDRI-0260,144,-380.5,-23.0,2.5,True,True,0.664062,0.664062,2.5,512,512,True,True,True,True
1.3.6.1.4.1.14519.5.2.1.6279.6001.122621219961396951727742490470,LIDC-IDRI-0207,238,-330.890015,-34.639999,1.25,True,True,0.742188,0.742188,1.25,512,512,True,True,True,True
1.3.6.1.4.1.14519.5.2.1.6279.6001.122763913896761494371822656720,LIDC-IDRI-0317,124,-337.480011,-29.98,2.5,True,True,0.615234,0.615234,2.5,512,512,True,True,True,True
1.3.6.1.4.1.14519.5.2.1.6279.6001.122914038048856168343065566972,LIDC-IDRI-0046,128,-345.0,-27.5,2.5,True,True,0.742188,0.742188,2.5,512,512,True,True,True,True
1.3.6.1.4.1.14519.5.2.1.6279.6001.123654356399290048011621921476,LIDC-IDRI-0868,123,-325.929993,-20.93,2.5,True,True,0.703125,0.703125,2.5,512,512,True,True,True,True
1.3.6.1.4.1.14519.5.2.1.6279.6001.123697637451437522065941162930,LIDC-IDRI-0313,244,-294.0,9.75,1.25,True,True,0.701172,0.701172,1.25,512,512,False,True,True,True
1.3.6.1.4.1.14519.5.2.1.6279.6001.124154461048929153767743874565,LIDC-IDRI-0319,195,-385.2,-36.0,1.8000000000000114,True,True,0.72265625,0.72265625,2.0,512,512,True,True,True,True
1.3.6.1.4.1.14519.5.2.1.6279.6001.124656777236468248920498636247,LIDC-IDRI-0226,123,-337.75,-32.75,2.5,True,True,0.898438,0.898438,2.5,512,512,True,True,True,True
1.3.6.1.4.1.14519.5.2.1.6279.6001.124663713663969377020085460568,LIDC-IDRI-0031,133,-379.0,-49.0,2.5,True,True,0.859375,0.859375,2.5,512,512,True,True,True,True
1.3.6.1.4.1.14519.5.2.1.6279.6001.124822907934319930841506266464,LIDC-IDRI-0582,536,-443.5,-69.0,0.6999999999999886,True,True,0.65625,0.65625,0.75,512,512,True,True,True,True
1.3.6.1.4.1.14519.5.2.1.6279.6001.125067060506283419853742462394,LIDC-IDRI-0357,130,-366.269989,-43.77,2.5,True,True,0.703125,0.703125,2.5,512,512,True,True,True,True
1.3.6.1.4.1.14519.5.2.1.6279.6001.125124219978170516876304987559,LIDC-IDRI-0636,330,-359.1,-30.1,1.0,True,True,0.76171875,0.76171875,1.0,512,512,True,True,True,True
1.3.6.1.4.1.14519.5.2.1.6279.6001.125356649712550043958727288500,LIDC-IDRI-0459,241,-245.255005,54.744999,1.25,True,True,0.683594,0.683594,1.25,512,512,True,True,True,True
1.3.6.1.4.1.14519.5.2.1.6279.6001.126121460017257137098781143514,LIDC-IDRI-0747,133,-330.0,0.0,2.5,True,True,0.556641,0.556641,2.5,512,512,True,True,True,True
1.3.6.1.4.1.14519.5.2.1.6279.6001.126264578931778258890371755354,LIDC-IDRI-0438,672,-380.5,-45.0,0.5,True,True,0.607421875,0.607421875,0.6,512,512,True,True,True,True
1.3.6.1.4.1.14519.5.2.1.6279.6001.126631670596873065041988320084,LIDC-IDRI-0052,272,-354.5,-15.75,1.25,True,True,0.742188,0.742188,1.25,512,512,True,True,True,True
1.3.6.1.4.1.14519.5.2.1.6279.6001.126704785377921920210612476953,LIDC-IDRI-0984,257,-344.73999,-24.74,1.25,True,True,0.576172,0.576172,1.25,512,512,True,True,True,True
1.3.6.1.4.1.14519.5.2.1.6279.6001.127965161564033605177803085629,LIDC-IDRI-0262,197,-299.0,-54.0,1.25,True,True,0.626953,0.626953,1.25,512,512,False,True,True,True
1.3.6.1.4.1.14519.5.2.1.6279.6001.128023902651233986592378348912,LIDC-IDRI-0059,133,-353.329987,-23.33,2.5,True,True,0.703125,0.703125,2.5,512,512,True,True,True,True
1.3.6.1.4.1.14519.5.2.1.6279.6001.128059192202504367870633619224,LIDC-IDRI-0286,140,-378.75,-31.25,2.5,True,True,0.703125,0.703125,2.5,512,512,True,True,True,True
1.3.6.1.4.1.14519.5.2.1.6279.6001.128881800399702510818644205032,LIDC-IDRI-0148,131,-376.75,-51.75,2.5,True,True,0.78125,0.78125,2.5,512,512,True,True,True,True
1.3.6.1.4.1.14519.5.2.1.6279.6001.129007566048223160327836686225,LIDC-IDRI-0005,133,-340.045013,-10.045,2.5,True,True,0.664062,0.664062,2.5,512,512,True,True,True,True
1.3.6.1.4.1.14519.5.2.1.6279.6001.129055977637338639741695800950,LIDC-IDRI-0557,483,872.0,1209.4,0.7000000000000455,True,True,0.6171875,0.6171875,0.75,512,512,True,True,True,True
1.3.6.1.4.1.14519.5.2.1.6279.6001.129567032250534530765928856531,LIDC-IDRI-0696,401,-265.679993,-15.68,0.625,True,True,0.625,0.625,1.25,512,512,True,True,True,True
1.3.6.1.4.1.14519.5.2.1.6279.6001.129650136453746261130135157590,LIDC-IDRI-0817,203,-410.1,-46.5,1.8000000000000114,True,True,0.68359375,0.68359375,2.0,512,512,True,True,True,True
1.3.6.1.4.1.14519.5.2.1.6279.6001.129982010889624423230394257528,LIDC-IDRI-0118,265,-336.5,-6.5,1.25,True,True,0.882812,0.882812,1.25,512,512,True,True,True,True
1.3.6.1.4.1.14519.5.2.1.6279.6001.130036599816889919308975074972,LIDC-IDRI-0659,192,-405.8,-62.0,1.8000000000000114,True,True,0.6640625,0.6640625,2.0,512,512,True,True,True,True
1.3.6.1.4.1.14519.5.2.1.6279.6001.130438550890816550994739120843,LIDC-IDRI-0339,274,-356.470001,-15.22,1.25,True,True,0.615234,0.615234,1.25,512,512,True,True,True,True
1.3.6.1.4.1.14519.5.2.1.6279.6001.130765375502800983459674173881,LIDC-IDRI-0586,120,-324.290009,-26.790001,2.5,True,True,0.576172,0.576172,2.5,512,512,True,True,True,True
1.3.6.1.4.1.14519.5.2.1.6279.6001.130794651720796841292503408531,LIDC-IDRI-0104,105,1363.0,1675.0,3.0,True,True,0.644,0.644,3.0,512,512,True,True,True,True
1.3.6.1.4.1.14519.5.2.1.6279.6001.131150737314367975651717513386,LIDC-IDRI-0570,123,-345.0,-40.0,2.5,True,True,0.568359,0.568359,2.5,512,512,True,True,True,True
1.3.6.1.4.1.14519.5.2.1.6279.6001.131939324905446238286154504249,LIDC-IDRI-0069,136,1288.5,1558.5,2.0,True,True,0.741,0.741,2.0,512,512,True,True,True,True
1.3.6.1.4.1.14519.5.2.1.6279.6001.132435134414676494105851714351,LIDC-IDRI-0484,106,-358.0,-43.0,3.0,True,True,0.705078125,0.705078125,3.0,512,512,True,True,True,True
1.3.6.1.4.1.14519.5.2.1.6279.6001.132817748896065918417924920957,LIDC-IDRI-0006,133,-331.5,-1.5,2.5,True,True,0.625,0.625,2.5,512,512,True,True,True,True
1.3.6.1.4.1.14519.5.2.1.6279.6001.133132722052053001903031735878,LIDC-IDRI-0638,140,-261.454987,16.545,2.0,True,True,0.605469,0.605469,2.5,512,512,True,True,True,True
1.3.6.1.4.1.14519.5.2.1.6279.6001.133378195429627807109985347209,LIDC-IDRI-0133,238,-303.5,-7.25,1.25,True,True,0.742188,0.742188,1.25,512,512,True,True,True,True
1.3.6.1.4.1.14519.5.2.1.6279.6001.134370886216012873213579659366,LIDC-IDRI-0788,202,-366.8,-5.0,1.8000000000000043,True,True,0.56640625,0.56640625,2.0,512,512,True,True,True,True
1.3.6.1.4.1.14519.5.2.1.6279.6001.134519406153127654901640638633,LIDC-IDRI-0879,261,-360.5,-35.5,1.25,True,True,0.78125,0.78125,1.25,512,512,True,True,True,True
1.3.6.1.4.1.14519.5.2.1.6279.6001.134638281277099121660656324702,LIDC-IDRI-0716,124,-342.980011,-35.48,2.5,True,True,0.623047,0.623047,2.5,512,512,True,True,True,True
1.3.6.1.4.1.14519.5.2.1.6279.6001.134996872583497382954024478441,LIDC-IDRI-0091,197,-273.25,-28.25,1.25,True,True,0.859375,0.859375,1.25,512,512,True,True,True,True
1.3.6.1.4.1.14519.5.2.1.6279.6001.135512138260421166189966386929,LIDC-IDRI-0749,109,-15.5,308.5,3.0,True,True,0.62890625,0.62890625,3.0,512,512,True,True,True,True
1.3.6.1.4.1.14519.5.2.1.6279.6001.135657246677982059395844827629,LIDC-IDRI-0911,161,-321.5,-33.5,1.8000000000000043,True,True,0.5859375,0.5859375,2.0,512,512,True,True,True,True
1.3.6.1.4.1.14519.5.2.1.6279.6001.135792297492008425859352725148,LIDC-IDRI-0378,108,-1340.5,-1019.5,3.0,True,True,0.564,0.564,3.0,512,512,True,True,True,True
1.3.6.1.4.1.14519.5.2.1.6279.6001.136756942516460150151065708673,LIDC-IDRI-0310,111,1315.5,1645.5,3.0,True,True,0.582,0.582,3.0,512,512,True,True,True,True
1.3.6.1.4.1.14519.5.2.1.6279.6001.136830368929967292376608088362,LIDC-IDRI-0831,509,-310.359985,7.14,0.625,True,True,0.703125,0.703125,1.25,512,512,True,True,True,True
1.3.6.1.4.1.14519.5.2.1.6279.6001.137009552031052971596477963106,LIDC-IDRI-0892,119,1323.5,1677.5,3.0,True,True,0.64,0.64,3.0,512,512,True,True,True,True
1.3.6.1.4.1.14519.5.2.1.6279.6001.137375498893536422914241295628,LIDC-IDRI-0566,181,-398.5,-74.5,1.8000000000000114,True,True,0.6640625,0.6640625,2.0,512,512,True,True,True,True
1.3.6.1.4.1.14519.5.2.1.6279.6001.137763212752154081977261297097,LIDC-IDRI-0942,246,-557.5,-312.5,1.0,True,True,0.7421875,0.7421875,1.0,512,512,True,True,True,True
1.3.6.1.4.1.14519.5.2.1.6279.6001.137773550852881583165286615668,LIDC-IDRI-0095,343,-25.0,317.0,1.0,True,True,0.599609375,0.599609375,2.0,512,512,True,True,True,True
1.3.6.1.4.1.14519.5.2.1.6279.6001.138080888843357047811238713686,LIDC-IDRI-0703,295,-656.0,-362.0,1.0,True,True,0.681640625,0.681640625,2.0,512,512,True,True,True,True
1.3.6.1.4.1.14519.5.2.1.6279.6001.138674679709964033277400089532,LIDC-IDRI-0687,132,-341.299988,-13.8,2.5,True,True,0.703125,0.703125,2.5,512,512,True,True,True,True
1.3.6.1.4.1.14519.5.2.1.6279.6001.138813197521718693188313387015,LIDC-IDRI-0041,149,-375.25,-5.25,2.5,True,True,0.820312,0.820312,2.5,512,512,True,True,True,True
1.3.6.1.4.1.14519.5.2.1.6279.6001.138894439026794145866157853158,LIDC-IDRI-0714,235,-294.5,-2.0,1.25,True,True,0.625,0.625,1.25,512,512,True,True,True,True
1.3.6.1.4.1.14519.5.2.1.6279.6001.138904664700896606480369521124,LIDC-IDRI-0933,179,-356.9,-36.5,1.8000000000000114,True,True,0.6640625,0.6640625,2.0,512,512,True,True,True,True
1.3.6.1.4.1.14519.5.2.1.6279.6001.139030456172925758598108159491,LIDC-IDRI-0886,95,1521.5,1803.5,3.0,True,True,0.75,0.75,3.0,512,512,True,True,True,True
1.3.6.1.4.1.14519.5.2.1.6279.6001.139258777898746693365877042411,LIDC-IDRI-0140,588,-336.0,-42.5,0.5,True,True,0.513671875,0.513671875,0.6,512,512,True,True,True,True
1.3.6.1.4.1.14519.5.2.1.6279.6001.139444426690868429919252698606,LIDC-IDRI-0599,456,-368.5,-50.0,0.6999999999999886,True,True,0.55859375,0.55859375,0.75,512,512,True,True,True,True
1.3.6.1.4.1.14519.5.2.1.6279.6001.139577698050713461261415990027,LIDC-IDRI-0532,330,-371.0,-42.0,1.0,True,True,0.68359375,0.68359375,1.0,512,512,True,True,True,True
1.3.6.1.4.1.14519.5.2.1.6279.6001.139595277234735528205899724196,LIDC-IDRI-0670,172,-367.8,-60.0,1.8000000000000114,True,True,0.60546875,0.60546875,2.0,512,512,True,True,True,True
1.3.6.1.4.1.14519.5.2.1.6279.6001.139713436241461669335487719526,LIDC-IDRI-0465,140,-380.809998,-33.310001,2.5,True,True,0.722656,0.722656,2.5,512,512,True,True,True,True
1.3.6.1.4.1.14519.5.2.1.6279.6001.139889514693390832525232698200,LIDC-IDRI-0856,484,-254.925003,46.950001,0.625,True,True,0.761719,0.761719,1.25,512,512,True,True,True,True
1.3.6.1.4.1.14519.5.2.1.6279.6001.140239815496047437552471323962,LIDC-IDRI-0925,308,-329.1,-22.1,1.0,True,True,0.5859375,0.5859375,1.0,512,512,True,True,True,True
1.3.6.1.4.1.14519.5.2.1.6279.6001.140253591510022414496468423138,LIDC-IDRI-0011,128,-327.75,-10.25,2.5,True,True,0.742188,0.742188,2.5,512,512,True,True,True,True
1.3.6.1.4.1.14519.5.2.1.6279.6001.140527383975300992150799777603,LIDC-IDRI-0178,125,-331.25,-21.25,2.5,True,True,0.703125,0.703125,2.5,512,512,True,True,True,True
1.3.6.1.4.1.14519.5.2.1.6279.6001.140642535005388188316143069436,LIDC-IDRI-0475,105,1362.0,1674.0,3.0,True,True,0.64,0.64,3.0,512,512,True,True,True,True
1.3.6.1.4.1.14519.5.2.1.6279.6001.141069661700670042960678408762,LIDC-IDRI-0771,280,-924.699951,-645.699951,1.0,True,True,0.572265625,0.572265625,2.0,512,512,True,True,True,True
1.3.6.1.4.1.14519.5.2.1.6279.6001.141149610914910880857802344415,LIDC-IDRI-0277,117,-340.0,-50.0,2.5,True,True,0.722656,0.722656,2.5,512,512,True,True,True,True
1.3.6.1.4.1.14519.5.2.1.6279.6001.141174904898798023569427533813,LIDC-IDRI-0381,101,-335.0,-35.0,3.0,True,True,0.5859375,0.5859375,3.0,512,512,True,True,True,True
1.3.6.1.4.1.14519.5.2.1.6279.6001.141345499716190654505508410197,LIDC-IDRI-0880,257,-339.904999,-19.905001,1.25,True,True,0.626953,0.626953,1.25,512,512,True,True,True,True
1.3.6.1.4.1.14519.5.2.1.6279.6001.141430002307216644912805017227,LIDC-IDRI-0400,215,-440.2,-55.0,1.8000000000000114,True,True,0.7421875,0.7421875,2.0,512,512,True,True,True,True
1.3.6.1.4.1.14519.5.2.1.6279.6001.141511313712034597336182402384,LIDC-IDRI-1004,529,-315.779999,14.22,0.625,True,True,0.605469,0.605469,1.25,512,512,True,True,True,True
1.3.6.1.4.1.14519.5.2.1.6279.6001.142154819868944114554521645782,LIDC-IDRI-0821,446,697.0,1008.5,0.7000000000000455,True,True,0.55078125,0.55078125,0.75,512,512,True,True,True,True
1.3.6.1.4.1.14519.5.2.1.6279.6001.142485715518010940961688015191,LIDC-IDRI-1005,312,-349.0,-38.0,1.0,True,True,0.6640625,0.6640625,1.0,512,512,True,True,True,True
1.3.6.1.4.1.14519.5.2.1.6279.6001.143410010885830403003179808334,LIDC-IDRI-0253,133,-353.75,-23.75,2.5,True,True,0.78125,0.78125,2.5,512,512,True,True,True,True
1.3.6.1.4.1.14519.5.2.1.6279.6001.143412474064515942785157561636,LIDC-IDRI-0676,449,-228.779999,51.220001,0.625,True,True,0.625,0.625,1.25,512,512,True,True,True,True
1.3.6.1.4.1.14519.5.2.1.6279.6001.143622857676008763729469324839,LIDC-IDRI-0094,385,-430.0,-46.0,1.0,True,True,0.736328125,0.736328125,2.0,512,512,True,True,True,True
1.3.6.1.4.1.14519.5.2.1.6279.6001.143782059748737055784173697516,LIDC-IDRI-0468,320,-392.5,-73.5,1.0,True,True,0.767578125,0.767578125,2.0,512,512,True,True,True,True
1.3.6.1.4.1.14519.5.2.1.6279.6001.143813757344903170810482790787,LIDC-IDRI-0654,237,-340.195007,-45.195,1.25,True,True,0.664062,0.664062,1.25,512,512,True,True,True,True
1.3.6.1.4.1.14519.5.2.1.6279.6001.144438612068946916340281098509,LIDC-IDRI-0561,157,-312.934998,-0.935,2.0,True,True,0.664062,0.664062,2.5,512,512,True,True,True,True
1.3.6.1.4.1.14519.5.2.1.6279.6001.144883090372691745980459537053,LIDC-IDRI-0850,240,-373.75,-75.0,1.25,True,True,0.626953,0.626953,1.25,512,512,False,True,True,True
1.3.6.1.4.1.14519.5.2.1.6279.6001.144943344795414353192059796098,LIDC-IDRI-0782,225,-295.700012,-15.7,1.25,True,True,0.636719,0.636719,1.25,512,512,True,True,True,True
1.3.6.1.4.1.14519.5.2.1.6279.6001.145283812746259413053188838096,LIDC-IDRI-0970,144,-269.88501,16.115,2.0,True,True,0.664062,0.664062,2.5,512,512,True,True,True,True
1.3.6.1.4.1.14519.5.2.1.6279.6001.145474881373882284343459153872,LIDC-IDRI-0494,123,-305.950012,-0.95,2.5,True,True,0.585938,0.585938,2.5,512,512,True,True,True,True
1.3.6.1.4.1.14519.5.2.1.6279.6001.145510611155363050427743946446,LIDC-IDRI-0876,567,-353.714996,0.035,0.625,True,True,0.703125,0.703125,1.25,512,512,True,True,True,True
1.3.6.1.4.1.14519.5.2.1.6279.6001.145580766024236783540879444879,LIDC-IDRI-0086,246,-423.0,-55.5,1.5,True,True,0.740234375,0.740234375,3.0,512,512,True,True,True,True
1.3.6.1.4.1.14519.5.2.1.6279.6001.145600217263993824806929968211,LIDC-IDRI-0484,112,22.5,355.5,3.0,True,True,0.7109375,0.7109375,3.0,512,512,True,True,True,True
1.3.6.1.4.1.14519.5.2.1.6279.6001.145759169833745025756371695397,LIDC-IDRI-0695,144,-273.804993,12.195,2.0,True,True,0.625,0.625,2.5,512,512,True,True,True,True
1.3.6.1.4.1.14519.5.2.1.6279.6001.146429221666426688999739595820,LIDC-IDRI-0621,730,-472.0,-107.5,0.5,True,True,0.73046875,0.73046875,0.6,512,512,True,True,True,True
1.3.6.1.4.1.14519.5.2.1.6279.6001.146603910507557786636779705509,LIDC-IDRI-0824,132,-334.160004,-6.66,2.5,True,True,0.644531,0.644531,2.5,512,512,True,True,True,True
1.3.6.1.4.1.14519.5.2.1.6279.6001.146987333806092287055399155268,LIDC-IDRI-0089,147,-380.25,-15.25,2.5,True,True,0.820312,0.820312,2.5,512,512,True,True,True,True
1.3.6.1.4.1.14519.5.2.1.6279.6001.147250707071097813243473865421,LIDC-IDRI-0663,474,-298.464996,-2.84,0.625,True,True,0.644531,0.644531,1.25,512,512,True,True,True,True
1.3.6.1.4.1.14519.5.2.1.6279.6001.147325126373007278009743173696,LIDC-IDRI-0907,239,-321.765015,-24.264999,1.25,True,True,0.585938,0.585938,1.25,512,512,True,True,True,True
1.3.6.1.4.1.14519.5.2.1.6279.6001.147979688121667984912633630926,LIDC-IDRI-0355,121,-372.0,-12.0,3.0,True,True,0.61328125,0.61328125,3.0,512,512,True,True,True,True
1.3.6.1.4.1.14519.5.2.1.6279.6001.148229375703208214308676934766,LIDC-IDRI-0463,491,-428.5,-85.5,0.6999999999999886,True,True,0.6640625,0.6640625,0.75,512,512,True,True,True,True
1.3.6.1.4.1.14519.5.2.1.6279.6001.148447286464082095534651426689,LIDC-IDRI-0785,220,-308.25,-34.5,1.25,True,True,0.703125,0.703125,1.25,512,512,False,True,True,True
1.3.6.1.4.1.14519.5.2.1.6279.6001.148935306123327835217659769212,LIDC-IDRI-0757,477,-278.744995,18.754999,0.625,True,True,0.664062,0.664062,1.25,512,512,True,True,True,True
1.3.6.1.4.1.14519.5.2.1.6279.6001.149041668385192796520281592139,LIDC-IDRI-0204,133,-350.5,-20.5,2.5,True,True,0.703125,0.703125,2.5,512,512,True,True,True,True
1.3.6.1.4.1.14519.5.2.1.6279.6001.149463915556499304732434215056,LIDC-IDRI-0500,161,-298.015015,21.985001,2.0,True,True,0.664062,0.664062,2.5,512,512,True,True,True,True
1.3.6.1.4.1.14519.5.2.1.6279.6001.149594025507110912206042203576,LIDC-IDRI-0366,125,1216.0,1588.0,3.0,True,True,0.628,0.628,3.0,512,512,True,True,True,True
1.3.6.1.4.1.14519.5.2.1.6279.6001.149893110752986700464921264055,LIDC-IDRI-0819,375,-214.75,19.0,0.625,True,True,0.625,0.625,1.25,512,512,True,True,True,True
1.3.6.1.4.1.14519.5.2.1.6279.6001.150097650621090951325113116280,LIDC-IDRI-0283,115,-270.75,14.25,2.5,True,True,0.820312,0.820312,2.5,512,512,True,True,True,True
1.3.6.1.4.1.14519.5.2.1.6279.6001.150684298696437181894923266019,LIDC-IDRI-0503,181,-341.0,-17.0,1.8000000000000043,True,True,0.76171875,0.76171875,2.0,512,512,True,True,True,True
1.3.6.1.4.1.14519.5.2.1.6279.6001.151647338241909635299641922057,LIDC-IDRI-0132,127,88.5,466.5,3.0,True,True,0.537109375,0.537109375,3.0,512,512,True,True,True,True
1.3.6.1.4.1.14519.5.2.1.6279.6001.151669338315069779994664893123,LIDC-IDRI-0589,124,-321.779999,-14.28,2.5,True,True,0.544922,0.544922,2.5,512,512,True,True,True,True
1.3.6.1.4.1.14519.5.2.1.6279.6001.151764021165118974848436095034,LIDC-IDRI-0822,300,-734.900024,-435.900024,1.0,True,True,0.677734375,0.677734375,2.0,512,512,True,True,True,True
1.3.6.1.4.1.14519.5.2.1.6279.6001.152684536713461901635595118048,LIDC-IDRI-0652,179,-337.480011,18.52,2.0,True,True,0.683594,0.683594,2.5,512,512,True,True,True,True
1.3.6.1.4.1.14519.5.2.1.6279.6001.152706273988004688708784163325,LIDC-IDRI-0653,133,-350.0,-20.0,2.5,True,True,0.773438,0.773438,2.5,512,512,True,True,True,True
1.3.6.1.4.1.14519.5.2.1.6279.6001.152944699527354927160275613434,LIDC-IDRI-0949,104,1294.5,1603.5,3.0,True,True,0.622,0.622,3.0,512,512,True,True,True,True
1.3.6.1.4.1.14519.5.2.1.6279.6001.153181766344026020914478182395,LIDC-IDRI-0690,129,-344.269989,-24.27,2.5,True,True,0.671875,0.671875,2.5,512,512,True,True,True,True
1.3.6.1.4.1.14519.5.2.1.6279.6001.153536305742006952753134773630,LIDC-IDRI-0016,141,-384.75,-34.75,2.5,True,True,0.585938,0.585938,2.5,512,512,True,True,True,True
1.3.6.1.4.1.14519.5.2.1.6279.6001.153646219551578201092527860224,LIDC-IDRI-1012,166,-291.454987,38.544998,2.0,True,True,0.722656,0.722656,2.5,512,512,True,True,True,True
1.3.6.1.4.1.14519.5.2.1.6279.6001.153732973534937692357111055819,LIDC-IDRI-0183,139,-399.25,-54.25,2.5,True,True,0.820312,0.820312,2.5,512,512,True,True,True,True
1.3.6.1.4.1.14519.5.2.1.6279.6001.153985109349433321657655488650,LIDC-IDRI-0072,305,-380.0,0.0,1.25,True,True,0.732422,0.732422,1.25,512,512,True,True,True,True
1.3.6.1.4.1.14519.5.2.1.6279.6001.154677396354641150280013275227,LIDC-IDRI-0314,275,-679.800049,-405.800049,1.0,True,True,0.78125,0.78125,1.0,512,512,True,True,True,True
1.3.6.1.4.1.14519.5.2.1.6279.6001.154703816225841204080664115280,LIDC-IDRI-0241,301,-356.5,18.5,1.25,True,True,0.683594,0.683594,1.25,512,512,True,True,True,True
1.3.6.1.4.1.14519.5.2.1.6279.6001.154837327827713479309898027966,LIDC-IDRI-0549,244,-315.170013,-11.42,1.25,True,True,0.673828,0.673828,1.25,512,512,True,True,True,True
1.3.6.1.4.1.14519.5.2.1.6279.6001.156016499715048493339281864474,LIDC-IDRI-0568,295,-366.75,0.75,1.25,True,True,0.703125,0.703125,2.5,512,512,True,True,True,True
1.3.6.1.4.1.14519.5.2.1.6279.6001.156181515927698299507377083373,LIDC-IDRI-0946,124,-420.0,-51.0,3.0,True,True,0.65625,0.65625,3.0,512,512,True,True,True,True
1.3.6.1.4.1.14519.5.2.1.6279.6001.156322145453198768801776721493,LIDC-IDRI-0328,484,-318.429993,-16.555,0.625,True,True,0.664062,0.664062,1.25,512,512,True,True,True,True
1.3.6.1.4.1.14519.5.2.1.6279.6001.156579001330474859527530187095,LIDC-IDRI-0981,449,-239.679993,40.32,0.625,True,True,0.625,0.625,1.25,512,512,True,True,True,True
1.3.6.1.4.1.14519.5.2.1.6279.6001.156821379677057223126714881626,LIDC-IDRI-0548,138,-383.309998,-40.810001,2.5,True,True,0.712891,0.712891,2.5,512,512,True,True,True,True
1.3.6.1.4.1.14519.5.2.1.6279.6001.156990013635454707781600846659,LIDC-IDRI-0085,268,-358.5,-26.0,1.25,False,False,0.804688,0.804688,1.25,512,512,True,True,True,True
1.3.6.1.4.1.14519.5.2.1.6279.6001.157537616155071783765339942952,LIDC-IDRI-0346,105,1363.0,1675.0,3.0,True,True,0.656,0.656,3.0,512,512,True,True,True,True
1.3.6.1.4.1.14519.5.2.1.6279.6001.159521777966998275980367008904,LIDC-IDRI-0853,127,-336.070007,-21.07,2.5,True,True,0.585938,0.585938,2.5,512,512,True,True,True,True
1.3.6.1.4.1.14519.5.2.1.6279.6001.159665703190517688573100822213,LIDC-IDRI-0887,123,-336.410004,-31.41,2.5,True,True,0.648438,0.648438,2.5,512,512,True,True,True,True
1.3.6.1.4.1.14519.5.2.1.6279.6001.159996104466052855396410079250,LIDC-IDRI-0332,292,-323.36499,40.384998,1.25,True,True,0.644531,0.644531,2.5,512,512,True,True,True,True
1.3.6.1.4.1.14519.5.2.1.6279.6001.160124400349792614505500125883,LIDC-IDRI-0343,130,-350.100006,-27.6,2.5,True,True,0.595703,0.595703,2.5,512,512,True,True,True,True
1.3.6.1.4.1.14519.5.2.1.6279.6001.160216916075817913953530562493,LIDC-IDRI-0316,201,-380.0,-20.0,1.8000000000000114,True,True,0.72265625,0.72265625,2.0,512,512,True,True,True,True
1.3.6.1.4.1.14519.5.2.1.6279.6001.160586340600816116143631200450,LIDC-IDRI-0196,133,-328.25,1.75,2.5,True,True,0.625,0.625,2.5,512,512,True,True,True,True
1.3.6.1.4.1.14519.5.2.1.6279.6001.161002239822118346732951898613,LIDC-IDRI-0035,133,-384.0,-54.0,2.5,True,True,0.820312,0.820312,2.5,512,512,True,True,True,True
1.3.6.1.4.1.14519.5.2.1.6279.6001.161067514225109999586362698069,LIDC-IDRI-0056,245,-310.0,-5.0,1.25,True,True,0.826172,0.826172,1.25,512,512,True,True,True,True
1.3.6.1.4.1.14519.5.2.1.6279.6001.161073793312426102774780216551,LIDC-IDRI-0225,133,-398.25,-68.25,2.5,True,True,0.78125,0.78125,2.5,512,512,True,True,True,True
1.3.6.1.4.1.14519.5.2.1.6279.6001.161633200801003804714818844696,LIDC-IDRI-0959,223,-293.200012,-15.7,1.25,True,True,0.664062,0.664062,1.25,512,512,True,True,True,True
1.3.6.1.4.1.14519.5.2.1.6279.6001.161821150841552408667852639317,LIDC-IDRI-0627,132,-364.609985,-37.110001,2.5,True,True,0.617188,0.617188,2.5,512,512,True,True,True,True
1.3.6.1.4.1.14519.5.2.1.6279.6001.161855583909753609742728521805,LIDC-IDRI-0510,260,-726.699951,-467.699951,1.0,True,True,0.78125,0.78125,2.0,512,512,True,True,True,True
1.3.6.1.4.1.14519.5.2.1.6279.6001.162207236104936931957809623059,LIDC-IDRI-0536,477,-305.079987,-7.58,0.625,True,True,0.78125,0.78125,1.25,512,512,True,True,True,True
1.3.6.1.4.1.14519.5.2.1.6279.6001.162351539386551708034407968929,LIDC-IDRI-0761,265,-288.0,-24.0,1.0,True,True,0.60546875,0.60546875,1.0,512,512,True,True,True,True
1.3.6.1.4.1.14519.5.2.1.6279.6001.162718361851587451505896742103,LIDC-IDRI-0235,139,-388.75,-43.75,2.5,True,True,0.703125,0.703125,2.5,512,512,True,True,True,True
1.3.6.1.4.1.14519.5.2.1.6279.6001.162845309248822193437735868939,LIDC-IDRI-0648,764,-432.0,-50.5,0.5,True,True,0.646484375,0.646484375,1.0,512,512,True,True,True,True
1.3.6.1.4.1.14519.5.2.1.6279.6001.162901839201654862079549658100,LIDC-IDRI-0634,193,-390.6,-45.0,1.8000000000000114,True,True,0.60546875,0.60546875,2.0,512,512,True,True,True,True
1.3.6.1.4.1.14519.5.2.1.6279.6001.163217526257871051722166468085,LIDC-IDRI-0065,237,-290.0,5.0,1.25,True,True,0.871094,0.871094,1.25,512,512,True,True,True,True
1.3.6.1.4.1.14519.5.2.1.6279.6001.163901773171373940247829492387,LIDC-IDRI-0869,280,-505.700012,-226.699997,1.0,True,True,0.666015625,0.666015625,1.0,512,512,True,True,True,True
1.3.6.1.4.1.14519.5.2.1.6279.6001.163931625580639955914619627409,LIDC-IDRI-0943,477,-277.559998,19.940001,0.625,True,True,0.703125,0.703125,1.25,512,512,True,True,True,True
1.3.6.1.4.1.14519.5.2.1.6279.6001.163994693532965040247348251579,LIDC-IDRI-0555,260,-359.559998,-35.810001,1.25,True,True,0.615234,0.615234,1.25,512,512,True,True,True,True
1.3.6.1.4.1.14519.5.2.1.6279.6001.164790817284381538042494285101,LIDC-IDRI-0948,162,-321.8,-32.0,1.8000000000000043,True,True,0.5859375,0.5859375,2.0,512,512,True,True,True,True
1.3.6.1.4.1.14519.5.2.1.6279.6001.164988920331211858091402361989,LIDC-IDRI-0845,478,-390.5,-56.6,0.6999999999999886,True,True,0.609375,0.609375,0.75,512,512,True,True,True,True
1.3.6.1.4.1.14519.5.2.1.6279.6001.166112018536246672777968137997,LIDC-IDRI-0115,112,1299.0,1632.0,3.0,True,True,0.573,0.573,3.0,512,512,True,True,True,True
1.3.6.1.4.1.14519.5.2.1.6279.6001.166662353777397833477082464008,LIDC-IDRI-0296,121,-411.0,-51.0,3.0,True,True,0.765625,0.765625,3.0,512,512,True,True,True,True
1.3.6.1.4.1.14519.5.2.1.6279.6001.167237290696350215427953159586,LIDC-IDRI-0619,208,-286.75,-28.0,1.25,True,True,0.722656,0.722656,1.25,512,512,True,True,True,True
1.3.6.1.4.1.14519.5.2.1.6279.6001.167500254299688235071950909530,LIDC-IDRI-0612,142,-378.190002,-25.690001,2.5,True,True,0.767578,0.767578,2.5,512,512,True,True,True,True
1.3.6.1.4.1.14519.5.2.1.6279.6001.167661207884826429102690781600,LIDC-IDRI-0776,327,-325.3,0.7,1.0,True,True,0.6640625,0.6640625,1.0,512,512,True,True,True,True
1.3.6.1.4.1.14519.5.2.1.6279.6001.167919147233131417984739058859,LIDC-IDRI-0658,269,-319.295013,15.705,1.25,True,True,0.669922,0.669922,1.25,512,512,True,True,True,True
1.3.6.1.4.1.14519.5.2.1.6279.6001.168037818448885856452592057286,LIDC-IDRI-0744,636,-368.5,-51.0,0.5,True,True,0.689453125,0.689453125,0.6,512,512,True,True,True,True
1.3.6.1.4.1.14519.5.2.1.6279.6001.168042389372367513325505818854,LIDC-IDRI-0156,127,1255.0,1633.0,3.0,True,True,0.677,0.677,3.0,512,512,True,True,True,True
1.3.6.1.4.1.14519.5.2.1.6279.6001.168605638657404145360275453085,LIDC-IDRI-0529,605,-348.559998,28.940001,0.625,True,True,0.703125,0.703125,1.25,512,512,True,True,True,True
1.3.6.1.4.1.14519.5.2.1.6279.6001.168737928729363683423228050295,LIDC-IDRI-0515,289,-340.0,20.0,1.25,True,True,0.763672,0.763672,1.25,512,512,True,True,True,True
1.3.6.1.4.1.14519.5.2.1.6279.6001.168833925301530155818375859047,LIDC-IDRI-0605,164,-348.359985,-22.360001,2.0,True,True,0.703125,0.703125,2.5,512,512,True,True,True,True
1.3.6.1.4.1.14519.5.2.1.6279.6001.168985655485163461062675655739,LIDC-IDRI-0433,305,-715.799988,-411.799988,1.0,True,True,0.833984375,0.833984375,2.0,512,512,True,True,True,True
1.3.6.1.4.1.14519.5.2.1.6279.6001.169128136262002764211589185953,LIDC-IDRI-0402,268,-338.984985,-5.235,1.25,True,True,0.742188,0.742188,1.25,512,512,True,True,True,True
1.3.6.1.4.1.14519.5.2.1.6279.6001.170052181746004939527661217512,LIDC-IDRI-0816,278,-361.25,-15.0,1.25,True,True,0.710938,0.710938,1.25,512,512,True,True,True,True
1.3.6.1.4.1.14519.5.2.1.6279.6001.170135352376311821460213875884,LIDC-IDRI-0719,94,-287.5,-8.5,3.0,True,True,0.5703125,0.5703125,3.0,512,512,True,True,True,True
1.3.6.1.4.1.14519.5.2.1.6279.6001.170344311940983984999167745197,LIDC-IDRI-0355,119,1364.0,1718.0,3.0,True,True,0.64,0.64,3.0,512,512,True,True,True,True
1.3.6.1.4.1.14519.5.2.1.6279.6001.170706757615202213033480003264,LIDC-IDRI-0003,140,-379.0,-31.5,2.5,True,True,0.820312,0.820312,2.5,512,512,True,True,True,True
1.3.6.1.4.1.14519.5.2.1.6279.6001.170765551637157813497344006818,LIDC-IDRI-0926,113,-387.0,-51.0,3.0,True,True,0.75,0.75,3.0,512,512,True,True,True,True
1.3.6.1.4.1.14519.5.2.1.6279.6001.170825539570536865106681134236,LIDC-IDRI-0291,270,-357.75,-21.5,1.25,True,True,0.703125,0.703125,1.25,512,512,False,True,True,True
1.3.6.1.4.1.14519.5.2.1.6279.6001.170921541362033046216100409521,LIDC-IDRI-0299,541,-295.609985,41.889999,0.625,True,True,0.78125,0.78125,1.25,512,512,True,True,True,True
1.3.6.1.4.1.14519.5.2.1.6279.6001.171177995014336749670107905732,LIDC-IDRI-0292,500,-299.994995,11.88,0.625,True,True,0.703125,0.703125,1.25,512,512,True,True,True,True
1.3.6.1.4.1.14519.5.2.1.6279.6001.171667800241622018839592854574,LIDC-IDRI-0288,238,-331.040009,-34.790001,1.25,True,True,0.703125,0.703125,1.25,512,512,True,True,True,True
1.3.6.1.4.1.14519.5.2.1.6279.6001.171682845383273105440297561095,LIDC-IDRI-0746,151,-295.720001,4.28,2.0,True,True,0.585938,0.585938,2.5,512,512,True,True,True,True
1.3.6.1.4.1.14519.5.2.1.6279.6001.171919524048654494439256263785,LIDC-IDRI-0630,122,-307.730011,-5.23,2.5,True,True,0.583984,0.583984,2.5,512,512,True,True,True,True
1.3.6.1.4.1.14519.5.2.1.6279.6001.172243743899615313644757844726,LIDC-IDRI-0081,126,-343.5,-31.0,2.5,True,True,0.859375,0.859375,2.5,512,512,True,True,True,True
1.3.6.1.4.1.14519.5.2.1.6279.6001.172573195301625265149778785969,LIDC-IDRI-0733,529,-476.5,-106.9,0.6999999999999886,True,True,0.703125,0.703125,0.75,512,512,True,True,True,True
1.3.6.1.4.1.14519.5.2.1.6279.6001.172845185165807139298420209778,LIDC-IDRI-0218,217,-334.0,-64.0,1.25,True,True,0.703125,0.703125,1.25,512,512,False,True,True,True
1.3.6.1.4.1.14519.5.2.1.6279.6001.173101104804533997398137418032,LIDC-IDRI-0448,538,-288.5,47.125,0.625,True,True,0.703125,0.703125,1.25,512,512,True,True,True,True
1.3.6.1.4.1.14519.5.2.1.6279.6001.173106154739244262091404659845,LIDC-IDRI-0229,141,-378.0,-28.0,2.5,True,True,0.761719,0.761719,2.5,512,512,True,True,True,True
1.3.6.1.4.1.14519.5.2.1.6279.6001.173556680294801532247454313511,LIDC-IDRI-0591,225,-301.410004,-21.41,1.25,True,True,0.623047,0.623047,1.25,512,512,True,True,True,True
1.3.6.1.4.1.14519.5.2.1.6279.6001.173931884906244951746140865701,LIDC-IDRI-0211,230,-290.5,-4.25,1.25,True,True,0.742188,0.742188,1.25,512,512,True,True,True,True
1.3.6.1.4.1.14519.5.2.1.6279.6001.174168737938619557573021395302,LIDC-IDRI-0248,117,-310.0,-20.0,2.5,True,True,0.976562,0.976562,2.5,512,512,True,True,True,True
1.3.6.1.4.1.14519.5.2.1.6279.6001.174449669706458092793093760291,LIDC-IDRI-0054,133,-353.25,-23.25,2.5,True,True,0.78125,0.78125,2.5,512,512,True,True,True,True
1.3.6.1.4.1.14519.5.2.1.6279.6001.174692377730646477496286081479,LIDC-IDRI-0610,163,-345.38501,-21.385,2.0,True,True,0.703125,0.703125,2.5,512,512,True,True,True,True
1.3.6.1.4.1.14519.5.2.1.6279.6001.174907798609768549012640380786,LIDC-IDRI-0013,125,-350.850006,-40.849998,2.5,True,True,0.585938,0.585938,2.5,512,512,True,True,True,True
1.3.6.1.4.1.14519.5.2.1.6279.6001.174935793360491516757154875981,LIDC-IDRI-0864,219,-408.4,-16.0,1.8000000000000114,True,True,0.703125,0.703125,2.0,512,512,True,True,True,True
1.3.6.1.4.1.14519.5.2.1.6279.6001.175318131822744218104175746898,LIDC-IDRI-0808,348,-355.1,-8.1,1.0,True,True,0.5078125,0.5078125,1.0,512,512,True,True,True,True
1.3.6.1.4.1.14519.5.2.1.6279.6001.175773779529863791864938329989,LIDC-IDRI-0640,122,-372.0,-9.0,3.0,True,True,0.58984375,0.58984375,3.0,512,512,True,True,True,True
1.3.6.1.4.1.14519.5.2.1.6279.6001.176030616406569931557298712518,LIDC-IDRI-0129,253,-307.25,7.75,1.25,True,True,0.742188,0.742188,1.25,512,512,True,True,True,True
1.3.6.1.4.1.14519.5.2.1.6279.6001.176362912420491262783064585333,LIDC-IDRI-0197,127,-337.0,-22.0,2.5,True,True,0.78125,0.78125,2.5,512,512,True,True,True,True
1.3.6.1.4.1.14519.5.2.1.6279.6001.176638348958425792989125209419,LIDC-IDRI-0392,245,-335.450012,-30.450001,1.25,True,True,0.591797,0.591797,1.25,512,512,True,True,True,True
1.3.6.1.4.1.14519.5.2.1.6279.6001.176869045992276345870480098568,LIDC-IDRI-0272,119,-313.0,-18.0,2.5,True,True,0.78125,0.78125,2.5,512,512,True,True,True,True
1.3.6.1.4.1.14519.5.2.1.6279.6001.177086402277715068525592995222,LIDC-IDRI-0075,257,-310.0,10.0,1.25,True,True,0.921875,0.921875,1.25,512,512,True,True,True,True
1.3.6.1.4.1.14519.5.2.1.6279.6001.177252583002664900748714851615,LIDC-IDRI-0311,225,-335.190002,-55.189999,1.25,True,True,0.78125,0.78125,1.25,512,512,False,True,True,True
1.3.6.1.4.1.14519.5.2.1.6279.6001.177685820605315926524514718990,LIDC-IDRI-0036,273,-376.5,-36.5,1.25,True,True,0.740234,0.740234,1.25,512,512,True,True,True,True
1.3.6.1.4.1.14519.5.2.1.6279.6001.177785764461425908755977367558,LIDC-IDRI-0963,481,-281.480011,18.52,0.625,True,True,0.605469,0.605469,1.25,512,512,True,True,True,True
1.3.6.1.4.1.14519.5.2.1.6279.6001.177888806135892723698313903329,LIDC-IDRI-0361,240,-305.890015,-7.14,1.25,True,True,0.664062,0.664062,1.25,512,512,True,True,True,True
1.3.6.1.4.1.14519.5.2.1.6279.6001.177985905159808659201278495182,LIDC-IDRI-0232,133,-344.25,-14.25,2.5,True,True,0.703125,0.703125,2.5,512,512,True,True,True,True
1.3.6.1.4.1.14519.5.2.1.6279.6001.178391668569567816549737454720,LIDC-IDRI-0070,133,-353.25,-23.25,2.5,True,True,0.742188,0.742188,2.5,512,512,True,True,True,True
1.3.6.1.4.1.14519.5.2.1.6279.6001.178680586845223339579041794709,LIDC-IDRI-0234,133,-340.5,-10.5,2.5,True,True,0.703125,0.703125,2.5,512,512,True,True,True,True
1.3.6.1.4.1.14519.5.2.1.6279.6001.179049373636438705059720603192,LIDC-IDRI-0001,133,-340.0,-10.0,2.5,True,True,0.703125,0.703125,2.5,512,512,True,True,True,True
1.3.6.1.4.1.14519.5.2.1.6279.6001.179162671133894061547290922949,LIDC-IDRI-0456,445,-861.599976,-528.599976,0.75,True,True,0.67578125,0.67578125,1.5,512,512,True,True,True,True
1.3.6.1.4.1.14519.5.2.1.6279.6001.179209990684978588019929720099,LIDC-IDRI-0358,351,-322.0,28.0,1.0,True,True,0.642578125,0.642578125,2.0,512,512,True,True,True,True
1.3.6.1.4.1.14519.5.2.1.6279.6001.179683407589764683292800449011,LIDC-IDRI-0567,275,-693.5,-419.5,1.0,True,True,0.658203125,0.658203125,1.0,512,512,True,True,True,True
1.3.6.1.4.1.14519.5.2.1.6279.6001.179730018513720561213088132029,LIDC-IDRI-0929,259,-360.75,-38.25,1.25,True,True,0.703125,0.703125,1.25,512,512,True,True,True,True
1.3.6.1.4.1.14519.5.2.1.6279.6001.179943248049071805421192715219,LIDC-IDRI-0728,490,-311.875,-6.25,0.625,True,True,0.703125,0.703125,1.25,512,512,True,True,True,True
1.3.6.1.4.1.14519.5.2.1.6279.6001.180720061816899490466115851736,LIDC-IDRI-0526,102,1326.5,1629.5,3.0,True,True,0.808,0.808,3.0,512,512,True,True,True,True
1.3.6.1.4.1.14519.5.2.1.6279.6001.182192086929819295877506541021,LIDC-IDRI-0806,481,-236.455002,63.544998,0.625,True,True,0.664062,0.664062,1.25,512,512,True,True,True,True
1.3.6.1.4.1.14519.5.2.1.6279.6001.182798854785392200340436516930,LIDC-IDRI-0878,210,-402.2,-26.0,1.8000000000000114,True,True,0.703125,0.703125,2.0,512,512,True,True,True,True
1.3.6.1.4.1.14519.5.2.1.6279.6001.183056151780567460322586876100,LIDC-IDRI-0900,442,-277.484985,-1.86,0.625,True,True,0.625,0.625,1.25,512,512,True,True,True,True
1.3.6.1.4.1.14519.5.2.1.6279.6001.183184435049555024219115904825,LIDC-IDRI-0461,240,-342.75,-44.0,1.25,True,True,0.566406,0.566406,1.25,512,512,True,True,True,True
1.3.6.1.4.1.14519.5.2.1.6279.6001.183843376225716802567192412456,LIDC-IDRI-0027,133,-387.75,-57.75,2.5,True,True,0.859375,0.859375,2.5,512,512,True,True,True,True
1.3.6.1.4.1.14519.5.2.1.6279.6001.183924380327950237519832859527,LIDC-IDRI-0153,139,-354.5,-9.5,2.5,True,True,0.898438,0.898438,2.5,512,512,True,True,True,True
1.3.6.1.4.1.14519.5.2.1.6279.6001.183982839679953938397312236359,LIDC-IDRI-0050,139,-383.75,-38.75,2.5,True,True,0.78125,0.78125,2.5,512,512,True,True,True,True
1.3.6.1.4.1.14519.5.2.1.6279.6001.184019785706727365023450012318,LIDC-IDRI-0472,116,-322.5,-35.0,2.5,True,True,0.648438,0.648438,2.5,512,512,True,True,True,True
1.3.6.1.4.1.14519.5.2.1.6279.6001.184412674007117333405073397832,LIDC-IDRI-0363,270,-372.75,-36.5,1.25,True,True,0.703125,0.703125,1.25,512,512,True,True,True,True
1.3.6.1.4.1.14519.5.2.1.6279.6001.184501854685844606619543150859,LIDC-IDRI-0751,119,-397.0,-43.0,3.0,True,True,0.650390625,0.650390625,3.0,512,512,True,True,True,True
1.3.6.1.4.1.14519.5.2.1.6279.6001.185154482385982570363528682299,LIDC-IDRI-0119,345,-376.5,-32.5,1.0,True,True,0.541015625,0.541015625,2.0,512,512,True,True,True,True
1.3.6.1.4.1.14519.5.2.1.6279.6001.185226274332527104841463955058,LIDC-IDRI-0661,240,-309.75,-11.0,1.25,True,True,0.791016,0.791016,1.25,512,512,True,True,True,True
1.3.6.1.4.1.14519.5.2.1.6279.6001.186021279664749879526003668137,LIDC-IDRI-0918,141,-374.73999,-24.74,2.5,True,True,0.748047,0.748047,2.5,512,512,True,True,True,True
1.3.6.1.4.1.14519.5.2.1.6279.6001.186809786614942675852829709376,LIDC-IDRI-0597,124,1228.5,1597.5,3.0,True,True,0.854,0.854,3.0,512,512,True,True,True,True
1.3.6.1.4.1.14519.5.2.1.6279.6001.187108608022306504546286626125,LIDC-IDRI-0068,261,-334.0,-9.0,1.25,True,True,0.683594,0.683594,1.25,512,512,True,True,True,True
1.3.6.1.4.1.14519.5.2.1.6279.6001.187451715205085403623595258748,LIDC-IDRI-0240,125,-359.75,-49.75,2.5,True,True,0.703125,0.703125,2.5,512,512,True,True,True,True
1.3.6.1.4.1.14519.5.2.1.6279.6001.187694838527128312070807533473,LIDC-IDRI-0521,308,-353.5,-46.5,1.0,True,True,0.703125,0.703125,1.0,512,512,True,True,True,True
1.3.6.1.4.1.14519.5.2.1.6279.6001.187803155574314810830688534991,LIDC-IDRI-0992,133,-331.25,-1.25,2.5,True,True,0.78125,0.78125,2.5,512,512,True,True,True,True
1.3.6.1.4.1.14519.5.2.1.6279.6001.187966156856911682643615997798,LIDC-IDRI-0491,535,-343.200012,-9.45,0.625,True,True,0.664062,0.664062,1.25,512,512,True,True,True,True
1.3.6.1.4.1.14519.5.2.1.6279.6001.188059920088313909273628445208,LIDC-IDRI-0147,136,1445.0,1715.0,2.0,True,True,0.65,0.65,2.0,512,512,True,True,True,True
1.3.6.1.4.1.14519.5.2.1.6279.6001.188209889686363159853715266493,LIDC-IDRI-0233,147,-397.25,-32.25,2.5,True,True,0.742188,0.742188,2.5,512,512,True,True,True,True
1.3.6.1.4.1.14519.5.2.1.6279.6001.188265424231150847356515802868,LIDC-IDRI-0021,149,-375.5,-5.5,2.5,True,True,0.742188,0.742188,2.5,512,512,True,True,True,True
1.3.6.1.4.1.14519.5.2.1.6279.6001.188376349804761988217597754952,LIDC-IDRI-0398,245,-588.299988,-344.299988,1.0,True,True,0.78125,0.78125,2.0,512,512,True,True,True,True
1.3.6.1.4.1.14519.5.2.1.6279.6001.188385286346390202873004762827,LIDC-IDRI-0479,381,-209.5,28.0,0.625,True,True,0.625,0.625,1.25,512,512,True,True,True,True
1.3.6.1.4.1.14519.5.2.1.6279.6001.188484197846284733942365679565,LIDC-IDRI-0224,133,-368.5,-38.5,2.5,True,True,0.820312,0.820312,2.5,512,512,True,True,True,True
1.3.6.1.4.1.14519.5.2.1.6279.6001.188619674701053082195613114069,LIDC-IDRI-0617,320,-734.299988,-415.299988,1.0,True,True,0.662109375,0.662109375,2.0,512,512,True,True,True,True
1.3.6.1.4.1.14519.5.2.1.6279.6001.189483585244687808087477024767,LIDC-IDRI-0161,251,-369.25,-56.75,1.25,True,True,0.820312,0.820312,1.25,512,512,True,True,True,True
1.3.6.1.4.1.14519.5.2.1.6279.6001.190144948425835566841437565646,LIDC-IDRI-0930,240,-317.630005,-18.879999,1.25,True,True,0.638672,0.638672,1.25,512,512,True,True,True,True
1.3.6.1.4.1.14519.5.2.1.6279.6001.190298296009658115773239776160,LIDC-IDRI-0618,261,-351.589996,-26.59,1.25,True,True,0.689453,0.689453,1.25,512,512,True,True,True,True
1.3.6.1.4.1.14519.5.2.1.6279.6001.190937805243443708408459490152,LIDC-IDRI-0471,132,-347.959991,-20.459999,2.5,True,True,0.65625,0.65625,2.5,512,512,True,True,True,True
1.3.6.1.4.1.14519.5.2.1.6279.6001.191034085672515521659942406513,LIDC-IDRI-0945,124,1316.0,1685.0,3.0,True,True,0.671,0.671,3.0,512,512,True,True,True,True
1.3.6.1.4.1.14519.5.2.1.6279.6001.191266041369462391833537519639,LIDC-IDRI-0631,455,-462.5,-144.7,0.6999999999999886,True,True,0.6328125,0.6328125,0.75,512,512,True,True,True,True
1.3.6.1.4.1.14519.5.2.1.6279.6001.191301539558980174217770205256,LIDC-IDRI-0322,128,-350.329987,-32.830002,2.5,True,True,0.703125,0.703125,2.5,512,512,True,True,True,True
1.3.6.1.4.1.14519.5.2.1.6279.6001.191617711875409989053242965150,LIDC-IDRI-0331,241,-320.0,-20.0,1.25,True,True,0.552734,0.552734,1.25,512,512,True,True,True,True
1.3.6.1.4.1.14519.5.2.1.6279.6001.192256506776434538421891524301,LIDC-IDRI-0777,187,-321.8,13.0,1.8000000000000007,True,True,0.6640625,0.6640625,2.0,512,512,True,True,True,True
1.3.6.1.4.1.14519.5.2.1.6279.6001.192419869605596446455526220766,LIDC-IDRI-0699,231,-323.5,-36.0,1.25,True,True,0.703125,0.703125,1.25,512,512,True,True,True,True
1.3.6.1.4.1.14519.5.2.1.6279.6001.193408384740507320589857096592,LIDC-IDRI-0769,208,-301.570007,-42.82,1.25,True,True,0.513672,0.513672,1.25,512,512,True,True,True,True
1.3.6.1.4.1.14519.5.2.1.6279.6001.193721075067404532739943086458,LIDC-IDRI-0964,125,-330.459991,-20.459999,2.5,True,True,0.636719,0.636719,2.5,512,512,True,True,True,True
1.3.6.1.4.1.14519.5.2.1.6279.6001.193808128386712859512130599234,LIDC-IDRI-0210,128,-312.25,5.25,2.5,True,True,0.78125,0.78125,2.5,512,512,True,True,True,True
1.3.6.1.4.1.14519.5.2.1.6279.6001.193964947698259739624715468431,LIDC-IDRI-0488,461,-274.670013,12.83,0.625,True,True,0.585938,0.585938,1.25,512,512,True,True,True,True
1.3.6.1.4.1.14519.5.2.1.6279.6001.194246472548954252250399902051,LIDC-IDRI-0694,137,-355.0,-15.0,2.5,True,True,0.722656,0.722656,2.5,512,512,True,True,True,True
1.3.6.1.4.1.14519.5.2.1.6279.6001.194440094986948071643661798326,LIDC-IDRI-0768,195,-364.7,-15.5,1.8000000000000114,True,True,0.7421875,0.7421875,2.0,512,512,True,True,True,True
1.3.6.1.4.1.14519.5.2.1.6279.6001.194465340552956447447896167830,LIDC-IDRI-0336,129,-332.5,-12.5,2.5,True,True,0.697266,0.697266,2.5,512,512,True,True,True,True
1.3.6.1.4.1.14519.5.2.1.6279.6001.194488534645348916700259325236,LIDC-IDRI-0849,458,-245.925003,39.700001,0.625,True,True,0.625,0.625,1.25,512,512,True,True,True,True
1.3.6.1.4.1.14519.5.2.1.6279.6001.194632613233275988184244485809,LIDC-IDRI-0087,130,-363.0,-40.5,2.5,True,True,0.703125,0.703125,2.5,512,512,True,True,True,True
1.3.6.1.4.1.14519.5.2.1.6279.6001.194766721609772924944646251928,LIDC-IDRI-0191,133,-343.0,-13.0,2.5,True,True,0.898438,0.898438,2.5,512,512,True,True,True,True
1.3.6.1.4.1.14519.5.2.1.6279.6001.195557219224169985110295082004,LIDC-IDRI-0686,238,-320.5,-24.25,1.25,True,True,0.703125,0.703125,1.25,512,512,True,True,True,True
1.3.6.1.4.1.14519.5.2.1.6279.6001.195913706607582347421429908613,LIDC-IDRI-0200,117,-316.25,-26.25,2.5,True,True,0.820312,0.820312,2.5,512,512,True,True,True,True
1.3.6.1.4.1.14519.5.2.1.6279.6001.196251645377731223510086726530,LIDC-IDRI-0982,541,-297.024994,40.474998,0.625,True,True,0.585938,0.585938,1.25,512,512,True,True,True,True
1.3.6.1.4.1.14519.5.2.1.6279.6001.196619392240146451912217585346,LIDC-IDRI-0685,116,-480.5,-135.5,3.0,True,True,0.628,0.628,3.0,512,512,True,True,True,True
1.3.6.1.4.1.14519.5.2.1.6279.6001.197063290812663596858124411210,LIDC-IDRI-0185,133,-366.25,-36.25,2.5,True,True,0.78125,0.78125,2.5,512,512,True,True,True,True
1.3.6.1.4.1.14519.5.2.1.6279.6001.197987940182806628828566429132,LIDC-IDRI-0428,326,-506.6,-181.6,1.0,True,True,0.546875,0.546875,1.0,512,512,True,True,True,True
1.3.6.1.4.1.14519.5.2.1.6279.6001.198016798894102791158686961192,LIDC-IDRI-0985,419,-377.5,-84.9,0.6999999999999886,True,True,0.65234375,0.65234375,0.75,512,512,True,True,True,True
1.3.6.1.4.1.14519.5.2.1.6279.6001.198489333332254008035861390326,LIDC-IDRI-0611,92,-277.0,-4.0,3.0,True,True,0.623046875,0.623046875,3.0,512,512,True,True,True,True
1.3.6.1.4.1.14519.5.2.1.6279.6001.198698492013538481395497694975,LIDC-IDRI-0194,149,-399.5,-29.5,2.5,True,True,0.78125,0.78125,2.5,512,512,True,True,True,True
1.3.6.1.4.1.14519.5.2.1.6279.6001.199069398344356765037879821616,LIDC-IDRI-0667,472,-296.709991,-2.335,0.625,True,True,0.703125,0.703125,1.25,512,512,True,True,True,True
1.3.6.1.4.1.14519.5.2.1.6279.6001.199171741859530285887752432478,LIDC-IDRI-0851,290,-668.5,-379.5,1.0,True,True,0.81640625,0.81640625,2.0,512,512,True,True,True,True
1.3.6.1.4.1.14519.5.2.1.6279.6001.199220738144407033276946096708,LIDC-IDRI-0338,285,-890.599976,-606.599976,1.0,True,True,0.748046875,0.748046875,2.0,512,512,True,True,True,True
1.3.6.1.4.1.14519.5.2.1.6279.6001.199261544234308780356714831537,LIDC-IDRI-0309,225,-408.7,-5.5,1.8000000000000114,True,True,0.64453125,0.64453125,2.0,512,512,True,True,True,True
1.3.6.1.4.1.14519.5.2.1.6279.6001.199282854229880908602362094937,LIDC-IDRI-0411,481,-284.799988,15.2,0.625,True,True,0.605469,0.605469,1.25,512,512,True,True,True,True
1.3.6.1.4.1.14519.5.2.1.6279.6001.199670099218798685977406484591,LIDC-IDRI-0620,240,-328.244995,-29.495001,1.25,True,True,0.603516,0.603516,1.25,512,512,True,True,True,True
1.3.6.1.4.1.14519.5.2.1.6279.6001.199975006921901879512837687266,LIDC-IDRI-0805,250,-319.25,-8.0,1.25,True,True,0.720703,0.720703,1.25,512,512,True,True,True,True
1.3.6.1.4.1.14519.5.2.1.6279.6001.200513183558872708878454294671,LIDC-IDRI-0263,137,-357.25,-17.25,2.5,True,True,0.742188,0.742188,2.5,512,512,True,True,True,True
1.3.6.1.4.1.14519.5.2.1.6279.6001.200558451375970945040979397866,LIDC-IDRI-0393,256,-309.704987,9.045,1.25,True,True,0.703125,0.703125,1.25,512,512,True,True,True,True
1.3.6.1.4.1.14519.5.2.1.6279.6001.200725988589959521302320481687,LIDC-IDRI-0860,187,-318.8,16.0,1.8000000000000007,True,True,0.7421875,0.7421875,2.0,512,512,True,True,True,True
1.3.6.1.4.1.14519.5.2.1.6279.6001.200783211179294046901893379828,LIDC-IDRI-0509,137,-678.0,2.0,5.0,True,True,0.69140625,0.69140625,5.0,512,512,True,True,True,True
1.3.6.1.4.1.14519.5.2.1.6279.6001.200837896655745926888305239398,LIDC-IDRI-0280,238,-325.829987,-29.579987,1.25,True,True,0.703125,0.703125,1.25,512,512,True,True,True,True
1.3.6.1.4.1.14519.5.2.1.6279.6001.200841000324240313648595016964,LIDC-IDRI-0213,127,-336.25,-21.25,2.5,True,True,0.742188,0.742188,2.5,512,512,True,True,True,True
1.3.6.1.4.1.14519.5.2.1.6279.6001.201890795870532056891161597218,LIDC-IDRI-0609,487,-292.309998,11.44,0.625,True,True,0.703125,0.703125,1.25,512,512,True,True,True,True
1.3.6.1.4.1.14519.5.2.1.6279.6001.202187810895588720702176009630,LIDC-IDRI-0649,264,-349.26001,-20.51,1.25,True,True,0.703125,0.703125,1.25,512,512,True,True,True,True
1.3.6.1.4.1.14519.5.2.1.6279.6001.202283133206014258077705539227,LIDC-IDRI-0179,123,-330.25,-25.25,2.5,True,True,0.703125,0.703125,2.5,512,512,True,True,True,True
1.3.6.1.4.1.14519.5.2.1.6279.6001.202464973819273687476049035824,LIDC-IDRI-0443,513,-338.5,-18.5,0.625,True,True,0.703125,0.703125,1.25,512,512,True,True,True,True
1.3.6.1.4.1.14519.5.2.1.6279.6001.202476538079060560282495099956,LIDC-IDRI-0517,122,-323.200012,-20.700001,2.5,True,True,0.664062,0.664062,2.5,512,512,True,True,True,True
1.3.6.1.4.1.14519.5.2.1.6279.6001.202643836890896697853521610450,LIDC-IDRI-0678,164,-298.399994,27.6,2.0,True,True,0.527344,0.527344,2.5,512,512,True,True,True,True
1.3.6.1.4.1.14519.5.2.1.6279.6001.202811684116768680758082619196,LIDC-IDRI-0116,133,-349.5,-19.5,2.5,True,True,0.976562,0.976562,2.5,512,512,True,True,True,True
1.3.6.1.4.1.14519.5.2.1.6279.6001.203179378754043776171267611064,LIDC-IDRI-0531,123,-305.0,0.0,2.5,True,True,0.587891,0.587891,2.5,512,512,True,True,True,True
1.3.6.1.4.1.14519.5.2.1.6279.6001.203425588524695836343069893813,LIDC-IDRI-0268,117,-343.5,-53.5,2.5,True,True,0.78125,0.78125,2.5,512,512,True,True,True,True
1.3.6.1.4.1.14519.5.2.1.6279.6001.203741923654363010377298352671,LIDC-IDRI-0028,141,-365.25,-15.25,2.5,True,True,0.664062,0.664062,2.5,512,512,True,True,True,True
1.3.6.1.4.1.14519.5.2.1.6279.6001.204287915902811325371247860532,LIDC-IDRI-0083,218,-272.75,-1.5,1.25,True,True,0.820312,0.820312,1.25,512,512,True,True,True,True
1.3.6.1.4.1.14519.5.2.1.6279.6001.204303454658845815034433453512,LIDC-IDRI-0655,558,642.0,1031.9,0.7000000000000455,True,True,0.6484375,0.6484375,0.75,512,512,True,True,True,True
1.3.6.1.4.1.14519.5.2.1.6279.6001.204566802718283633558802774757,LIDC-IDRI-0186,137,-360.0,-20.0,2.5,True,True,0.644531,0.644531,2.5,512,512,True,True,True,True
1.3.6.1.4.1.14519.5.2.1.6279.6001.204802250386343794613980417281,LIDC-IDRI-0546,348,-372.0,-25.0,1.0,True,True,0.634765625,0.634765625,2.0,512,512,True,True,True,True
1.3.6.1.4.1.14519.5.2.1.6279.6001.205113715251629496479289015582,LIDC-IDRI-0713,116,-378.5,-33.5,3.0,True,True,0.66796875,0.66796875,3.0,512,512,True,True,True,True
1.3.6.1.4.1.14519.5.2.1.6279.6001.205174485766424333452131788504,LIDC-IDRI-0773,109,1394.5,1718.5,3.0,True,True,0.72,0.72,3.0,512,512,True,True,True,True
1.3.6.1.4.1.14519.5.2.1.6279.6001.205523326998654833765855998037,LIDC-IDRI-0408,268,-325.75,8.0,1.25,True,True,0.703125,0.703125,1.25,512,512,True,True,True,True
1.3.6.1.4.1.14519.5.2.1.6279.6001.205615524269596458818376243313,LIDC-IDRI-0367,474,-244.375,51.25,0.625,True,True,0.722656,0.722656,1.25,512,512,True,True,True,True
1.3.6.1.4.1.14519.5.2.1.6279.6001.205852555362702089950453265567,LIDC-IDRI-0384,490,-319.339996,-13.715,0.625,True,True,0.644531,0.644531,1.25,512,512,True,True,True,True
1.3.6.1.4.1.14519.5.2.1.6279.6001.205993750485568250373835565680,LIDC-IDRI-0701,268,-338.51001,-4.76,1.25,True,True,0.568359,0.568359,1.25,512,512,True,True,True,True
1.3.6.1.4.1.14519.5.2.1.6279.6001.206028343897359374907954580114,LIDC-IDRI-0024,133,-345.75,-15.75,2.5,True,True,0.78125,0.78125,2.5,512,512,True,True,True,True
1.3.6.1.4.1.14519.5.2.1.6279.6001.206097113343059612247503064658,LIDC-IDRI-0968,337,-373.6,-37.6,1.0,True,True,0.68359375,0.68359375,1.0,512,512,True,True,True,True
1.3.6.1.4.1.14519.5.2.1.6279.6001.206200456333833579428083808192,LIDC-IDRI-0387,115,-359.0,-17.0,3.0,True,True,0.58203125,0.58203125,3.0,512,512,True,True,True,True
1.3.6.1.4.1.14519.5.2.1.6279.6001.206310993373699650907461884037,LIDC-IDRI-0499,122,-407.5,-44.5,3.0,True,True,0.56640625,0.56640625,3.0,512,512,True,True,True,True
1.3.6.1.4.1.14519.5.2.1.6279.6001.206539885154775002929031534291,LIDC-IDRI-0712,198,-141.1,213.5,1.7999999999999972,True,True,0.703125,0.703125,2.0,512,512,True,True,True,True
1.3.6.1.4.1.14519.5.2.1.6279.6001.207201727479884428632451006739,LIDC-IDRI-0136,153,-434.5,21.5,3.0,True,True,0.8359375,0.8359375,3.0,512,512,True,True,True,True
1.3.6.1.4.1.14519.5.2.1.6279.6001.207341668080525761926965850679,LIDC-IDRI-0388,359,-438.0,-80.0,1.0,True,True,0.630859375,0.630859375,1.0,512,512,True,True,True,True
1.3.6.1.4.1.14519.5.2.1.6279.6001.207544473852086582434957174616,LIDC-IDRI-0365,101,61.0,361.0,3.0,True,True,0.634765625,0.634765625,3.0,512,512,True,True,True,True
1.3.6.1.4.1.14519.5.2.1.6279.6001.208511362832825683639135205368,LIDC-IDRI-0698,481,-256.394989,43.605,0.625,True,True,0.703125,0.703125,1.25,512,512,True,True,True,True
1.3.6.1.4.1.14519.5.2.1.6279.6001.208737629504245244513001631764,LIDC-IDRI-0220,232,-272.75,16.0,1.25,True,True,0.78125,0.78125,1.25,512,512,True,True,True,True
1.3.6.1.4.1.14519.5.2.1.6279.6001.209269973797560820442292189762,LIDC-IDRI-0839,423,-250.740005,13.01,0.625,True,True,0.664062,0.664062,1.25,512,512,True,True,True,True
1.3.6.1.4.1.14519.5.2.1.6279.6001.210353683590129128335470610043,LIDC-IDRI-0635,111,-1336.5,-1006.5,3.0,True,True,0.751,0.751,3.0,512,512,True,True,True,True
1.3.6.1.4.1.14519.5.2.1.6279.6001.210426531621179400035178209430,LIDC-IDRI-0062,117,-309.51001,-19.51,2.5,True,True,0.703125,0.703125,2.5,512,512,True,True,True,True
1.3.6.1.4.1.14519.5.2.1.6279.6001.210837812047373739447725050963,LIDC-IDRI-0885,194,-386.4,-39.0,1.8000000000000114,True,True,0.68359375,0.68359375,2.0,512,512,True,True,True,True
1.3.6.1.4.1.14519.5.2.1.6279.6001.211051626197585058967163339846,LIDC-IDRI-0294,175,-316.2,-3.0,1.8000000000000007,True,True,0.5078125,0.5078125,2.0,512,512,True,True,True,True
1.3.6.1.4.1.14519.5.2.1.6279.6001.211071908915618528829547301883,LIDC-IDRI-0478,559,-442.5,-51.9,0.6999999999999886,True,True,0.69140625,0.69140625,0.75,512,512,True,True,True,True
1.3.6.1.4.1.14519.5.2.1.6279.6001.211956804948320236390242845468,LIDC-IDRI-0921,350,-802.099976,-453.099976,1.0,True,True,0.6796875,0.6796875,2.0,512,512,True,True,True,True
1.3.6.1.4.1.14519.5.2.1.6279.6001.212346425055214308006918165305,LIDC-IDRI-0276,133,-357.0,-27.0,2.5,True,True,0.703125,0.703125,2.5,512,512,True,True,True,True
1.3.6.1.4.1.14519.5.2.1.6279.6001.212608679077007918190529579976,LIDC-IDRI-0523,162,-245.75,-44.5,1.25,True,True,0.703125,0.703125,1.25,512,512,True,True,True,True
1.3.6.1.4.1.14519.5.2.1.6279.6001.213022585153512920098588556742,LIDC-IDRI-0432,477,-285.029999,12.47,0.625,True,True,0.625,0.625,1.25,512,512,True,True,True,True
1.3.6.1.4.1.14519.5.2.1.6279.6001.213140617640021803112060161074,LIDC-IDRI-0587,276,-825.199951,-550.199951,1.0,True,True,0.6171875,0.6171875,2.0,512,512,True,True,True,True
1.3.6.1.4.1.14519.5.2.1.6279.6001.213233719488315954975724605159,LIDC-IDRI-0079,113,1392.0,1728.0,3.0,True,True,0.698,0.698,3.0,512,512,True,True,True,True
1.3.6.1.4.1.14519.5.2.1.6279.6001.213262690132344539993794081003,LIDC-IDRI-0706,129,-681.5,-41.5,5.0,True,True,0.58984375,0.58984375,5.0,512,512,True,True,True,True
1.3.6.1.4.1.14519.5.2.1.6279.6001.213854687290736562463866711534,LIDC-IDRI-0807,535,-456.0,-82.2,0.6999999999999886,True,True,0.6484375,0.6484375,0.75,512,512,True,True,True,True
1.3.6.1.4.1.14519.5.2.1.6279.6001.214252223927572015414741039150,LIDC-IDRI-0055,139,-371.25,-26.25,2.5,True,True,0.703125,0.703125,2.5,512,512,True,True,True,True
1.3.6.1.4.1.14519.5.2.1.6279.6001.214800939017429618305208626314,LIDC-IDRI-0870,189,-382.4,-44.0,1.8000000000000114,True,True,0.6640625,0.6640625,2.0,512,512,True,True,True,True
1.3.6.1.4.1.14519.5.2.1.6279.6001.215086589927307766627151367533,LIDC-IDRI-0665,602,-376.065002,-0.44,0.625,True,True,0.703125,0.703125,1.25,512,512,True,True,True,True
1.3.6.1.4.1.14519.5.2.1.6279.6001.215104063467523905369326175410,LIDC-IDRI-0832,127,-331.649994,-16.65,2.5,True,True,0.523438,0.523438,2.5,512,512,True,True,True,True
1.3.6.1.4.1.14519.5.2.1.6279.6001.215640837032688688030770057224,LIDC-IDRI-0450,235,-314.230011,-21.73,1.25,True,True,0.537109,0.537109,1.25,512,512,True,True,True,True
1.3.6.1.4.1.14519.5.2.1.6279.6001.215785045378334625097907422785,LIDC-IDRI-0763,290,-768.800049,-479.800049,1.0,True,True,0.611328125,0.611328125,1.0,512,512,True,True,True,True
1.3.6.1.4.1.14519.5.2.1.6279.6001.216252660192313507027754194207,LIDC-IDRI-0835,268,-649.5,-382.5,1.0,True,True,0.5390625,0.5390625,2.0,512,512,True,True,True,True
1.3.6.1.4.1.14519.5.2.1.6279.6001.216526102138308489357443843021,LIDC-IDRI-0574,195,-272.01001,-29.51,1.25,True,True,0.644531,0.644531,1.25,512,512,True,True,True,True
1.3.6.1.4.1.14519.5.2.1.6279.6001.216652640878960522552873394709,LIDC-IDRI-0899,103,-262.140015,-7.14,2.5,True,True,0.564453,0.564453,2.5,512,512,True,True,True,True
1.3.6.1.4.1.14519.5.2.1.6279.6001.216882370221919561230873289517,LIDC-IDRI-0999,250,-302.679993,8.57,1.25,True,True,0.654297,0.654297,1.25,512,512,True,True,True,True
1.3.6.1.4.1.14519.5.2.1.6279.6001.217589936421986638139451480826,LIDC-IDRI-0866,241,-307.609985,-7.61,1.25,True,True,0.703125,0.703125,1.25,512,512,True,True,True,True
1.3.6.1.4.1.14519.5.2.1.6279.6001.217697417596902141600884006982,LIDC-IDRI-0604,429,-286.51001,-19.01,0.625,True,True,0.585938,0.585938,1.25,512,512,True,True,True,True
1.3.6.1.4.1.14519.5.2.1.6279.6001.217754016294471278921686508169,LIDC-IDRI-0412,276,-700.599976,-425.599976,1.0,True,True,0.638671875,0.638671875,1.0,512,512,True,True,True,True
1.3.6.1.4.1.14519.5.2.1.6279.6001.217955041973656886482758642958,LIDC-IDRI-0265,133,-317.75,12.25,2.5,True,True,0.78125,0.78125,2.5,512,512,True,True,True,True
1.3.6.1.4.1.14519.5.2.1.6279.6001.218225745759901171776512645078,LIDC-IDRI-0961,126,1202.0,1577.0,3.0,True,True,0.744,0.744,3.0,512,512,True,True,True,True
1.3.6.1.4.1.14519.5.2.1.6279.6001.218476624578721885561483687176,LIDC-IDRI-0615,247,-243.270004,64.230003,1.25,True,True,0.703125,0.703125,1.25,512,512,True,True,True,True
1.3.6.1.4.1.14519.5.2.1.6279.6001.219087313261026510628926082729,LIDC-IDRI-0562,280,-681.900024,-402.900024,1.0,True,True,0.61328125,0.61328125,2.0,512,512,True,True,True,True
1.3.6.1.4.1.14519.5.2.1.6279.6001.219254430927834326484477690403,LIDC-IDRI-0917,187,-393.3,-58.5,1.8000000000000114,True,True,0.6640625,0.6640625,2.0,512,512,True,True,True,True
1.3.6.1.4.1.14519.5.2.1.6279.6001.219281726101239572270900838145,LIDC-IDRI-0840,155,-290.174988,17.825001,2.0,True,True,0.703125,0.703125,2.5,512,512,True,True,True,True
1.3.6.1.4.1.14519.5.2.1.6279.6001.219349715895470349269596532320,LIDC-IDRI-0938,244,-327.0,-23.25,1.25,True,True,0.761719,0.761719,1.25,512,512,False,True,True,True
1.3.6.1.4.1.14519.5.2.1.6279.6001.219428004988664846407984058588,LIDC-IDRI-0164,258,-347.0,-25.75,1.25,True,True,0.859375,0.859375,1.25,512,512,True,True,True,True
1.3.6.1.4.1.14519.5.2.1.6279.6001.219618492426142913407827034169,LIDC-IDRI-0289,117,-276.5,13.5,2.5,True,True,0.898438,0.898438,2.5,512,512,True,True,True,True
1.3.6.1.4.1.14519.5.2.1.6279.6001.219909753224298157409438012179,LIDC-IDRI-0037,141,-361.0,-11.0,2.5,True,True,0.625,0.625,2.5,512,512,True,True,True,True
1.3.6.1.4.1.14519.5.2.1.6279.6001.220041426531925632952954881401,LIDC-IDRI-0979,254,-295.0,15.0,1.25,False,False,0.671875,0.671875,1.25,512,512,True,True,True,True
1.3.6.1.4.1.14519.5.2.1.6279.6001.220205300714852483483213840572,LIDC-IDRI-0862,132,-350.820007,-23.32,2.5,True,True,0.664062,0.664062,2.5,512,512,True,True,True,True
1.3.6.1.4.1.14519.5.2.1.6279.6001.220596530836092324070084384692,LIDC-IDRI-0811,371,-753.099976,-383.100006,1.0,True,True,0.66796875,0.66796875,2.0,512,512,True,True,True,True
1.3.6.1.4.1.14519.5.2.1.6279.6001.220747560179730541133819705549,LIDC-IDRI-0798,114,-1231.5,-892.5,3.0,True,True,0.711,0.711,3.0,512,512,True,True,True,True
1.3.6.1.4.1.14519.5.2.1.6279.6001.221017801605543296514746423389,LIDC-IDRI-0258,133,-327.75,2.25,2.5,True,True,0.703125,0.703125,2.5,512,512,True,True,True,True
1.3.6.1.4.1.14519.5.2.1.6279.6001.221945191226273284587353530424,LIDC-IDRI-0441,682,-405.0,-64.5,0.5,True,True,0.537109375,0.537109375,0.6,512,512,True,True,True,True
1.3.6.1.4.1.14519.5.2.1.6279.6001.222052723822248889877676736332,LIDC-IDRI-0844,481,-262.394989,37.605,0.625,True,True,0.742188,0.742188,1.25,512,512,True,True,True,True
1.3.6.1.4.1.14519.5.2.1.6279.6001.222087811960706096424718056430,LIDC-IDRI-0520,484,-297.589996,4.285,0.625,True,True,0.625,0.625,1.25,512,512,True,True,True,True
1.3.6.1.4.1.14519.5.2.1.6279.6001.223098610241551815995595311693,LIDC-IDRI-0793,416,-457.0,-42.0,1.0,True,True,0.72265625,0.72265625,2.0,512,512,True,True,True,True
1.3.6.1.4.1.14519.5.2.1.6279.6001.223650122819238796121876338881,LIDC-IDRI-0383,118,-301.5,-9.0,2.5,True,True,0.78125,0.78125,2.5,512,512,True,True,True,True
1.3.6.1.4.1.14519.5.2.1.6279.6001.224259636925435364427994488842,LIDC-IDRI-0449,116,1301.0,1646.0,3.0,True,True,0.714,0.714,3.0,512,512,True,True,True,True
1.3.6.1.4.1.14519.5.2.1.6279.6001.224465398054769500989828256685,LIDC-IDRI-0601,286,-855.900024,-570.900024,1.0,True,True,0.671875,0.671875,1.0,512,512,True,True,True,True
1.3.6.1.4.1.14519.5.2.1.6279.6001.224845111941302943990256315343,LIDC-IDRI-0737,114,1403.5,1742.5,3.0,True,True,0.686,0.686,3.0,512,512,True,True,True,True
1.3.6.1.4.1.14519.5.2.1.6279.6001.225154811831720426832024114593,LIDC-IDRI-0149,143,-381.75,-26.75,2.5,True,True,0.78125,0.78125,2.5,512,512,True,True,True,True
1.3.6.1.4.1.14519.5.2.1.6279.6001.225227615446398900698431118292,LIDC-IDRI-0838,484,-291.38501,10.49,0.625,True,True,0.585938,0.585938,1.25,512,512,True,True,True,True
1.3.6.1.4.1.14519.5.2.1.6279.6001.225515255547637437801620523312,LIDC-IDRI-0121,277,-320.0,25.0,1.25,True,True,0.917969,0.917969,1.25,512,512,True,True,True,True
1.3.6.1.4.1.14519.5.2.1.6279.6001.226152078193253087875725735761,LIDC-IDRI-0888,270,-697.099976,-428.099976,1.0,True,True,0.671875,0.671875,2.0,512,512,True,True,True,True
1.3.6.1.4.1.14519.5.2.1.6279.6001.226383054119800793308721198594,LIDC-IDRI-0624,290,-780.200012,-491.200012,1.0,True,True,0.6484375,0.6484375,2.0,512,512,True,True,True,True
1.3.6.1.4.1.14519.5.2.1.6279.6001.226456162308124493341905600418,LIDC-IDRI-0660,241,-303.25,-3.25,1.25,True,True,0.589844,0.589844,1.25,512,512,True,True,True,True
1.3.6.1.4.1.14519.5.2.1.6279.6001.226564372605239604660221582288,LIDC-IDRI-0662,240,-331.0,-32.25,1.25,True,True,0.703125,0.703125,1.25,512,512,True,True,True,True
1.3.6.1.4.1.14519.5.2.1.6279.6001.226813447046845316215094488309,LIDC-IDRI-0442,116,-347.5,-2.5,3.0,True,True,0.587890625,0.587890625,3.0,512,512,True,True,True,True
1.3.6.1.4.1.14519.5.2.1.6279.6001.226889213794065160713547677129,LIDC-IDRI-0559,139,-400.5,-55.5,2.5,True,True,0.742188,0.742188,2.5,512,512,True,True,True,True
1.3.6.1.4.1.14519.5.2.1.6279.6001.227707494413800460340110762069,LIDC-IDRI-0093,125,-346.0,-36.0,2.5,True,True,0.664062,0.664062,2.5,512,512,True,True,True,True
1.3.6.1.4.1.14519.5.2.1.6279.6001.227796349777753378641347819780,LIDC-IDRI-0637,506,-564.0,-210.5,0.6999999999999886,True,True,0.69921875,0.69921875,0.75,512,512,True,True,True,True
1.3.6.1.4.1.14519.5.2.1.6279.6001.227885601428639043345478571594,LIDC-IDRI-0700,519,-259.265015,64.485001,0.625,True,True,0.703125,0.703125,1.25,512,512,True,True,True,True
1.3.6.1.4.1.14519.5.2.1.6279.6001.227962600322799211676960828223,LIDC-IDRI-0015,209,-279.75,-19.75,1.25,True,True,0.693359,0.693359,1.25,512,512,True,True,True,True
1.3.6.1.4.1.14519.5.2.1.6279.6001.227968442353440630355230778531,LIDC-IDRI-0875,266,-727.5,-462.5,1.0,True,True,0.66796875,0.66796875,1.0,512,512,True,True,True,True
1.3.6.1.4.1.14519.5.2.1.6279.6001.228049788831266512062175089637,LIDC-IDRI-0595,99,1330.0,1624.0,3.0,True,True,0.586,0.586,3.0,512,512,True,True,True,True
1.3.6.1.4.1.14519.5.2.1.6279.6001.228511122591230092662900221600,LIDC-IDRI-0067,244,-370.0,-66.25,1.25,True,True,0.78125,0.78125,1.25,512,512,True,True,True,True
1.3.6.1.4.1.14519.5.2.1.6279.6001.228934821089041845791238006047,LIDC-IDRI-0592,258,-363.595001,-42.345001,1.25,True,True,0.765625,0.765625,1.25,512,512,True,True,True,True
1.3.6.1.4.1.14519.5.2.1.6279.6001.229096941293122177107846044795,LIDC-IDRI-1003,186,-390.0,-57.0,1.8000000000000114,True,True,0.5859375,0.5859375,2.0,512,512,True,True,True,True
1.3.6.1.4.1.14519.5.2.1.6279.6001.229171189693734694696158152904,LIDC-IDRI-0616,128,-337.48999,-19.99,2.5,True,True,0.625,0.625,2.5,512,512,True,True,True,True
1.3.6.1.4.1.14519.5.2.1.6279.6001.229343399861261429237689489892,LIDC-IDRI-0127,117,-409.5,-61.5,3.0,True,True,0.779296875,0.779296875,3.0,512,512,True,True,True,True
1.3.6.1.4.1.14519.5.2.1.6279.6001.229664630348267553620068691756,LIDC-IDRI-0327,509,-292.350006,25.15,0.625,True,True,0.703125,0.703125,1.25,512,512,True,True,True,True
1.3.6.1.4.1.14519.5.2.1.6279.6001.229860476925100292554329427970,LIDC-IDRI-0748,148,-285.765015,8.235,2.0,True,True,0.703125,0.703125,2.5,512,512,True,True,True,True
1.3.6.1.4.1.14519.5.2.1.6279.6001.229960820686439513664996214638,LIDC-IDRI-0960,490,-281.890015,23.735001,0.625,True,True,0.703125,0.703125,1.25,512,512,True,True,True,True
1.3.6.1.4.1.14519.5.2.1.6279.6001.230078008964732806419498631442,LIDC-IDRI-0544,120,-325.570007,-28.07,2.5,True,True,0.556641,0.556641,2.5,512,512,True,True,True,True
1.3.6.1.4.1.14519.5.2.1.6279.6001.230180665627287711381156820813,LIDC-IDRI-0980,104,1399.5,1708.5,3.0,True,True,0.741,0.741,3.0,512,512,True,True,True,True
1.3.6.1.4.1.14519.5.2.1.6279.6001.230416590143922549745658357505,LIDC-IDRI-0452,338,-344.6,-7.6,1.0,True,True,0.5859375,0.5859375,1.0,512,512,True,True,True,True
1.3.6.1.4.1.14519.5.2.1.6279.6001.230491296081537726468075344411,LIDC-IDRI-0250,133,-354.75,-24.75,2.5,True,True,0.820312,0.820312,2.5,512,512,True,True,True,True
1.3.6.1.4.1.14519.5.2.1.6279.6001.230675342744370103160629638194,LIDC-IDRI-0969,255,-330.820007,-13.32,1.25,True,True,0.615234,0.615234,1.25,512,512,True,True,True,True
1.3.6.1.4.1.14519.5.2.1.6279.6001.231002159523969307155990628066,LIDC-IDRI-0321,265,-320.0,10.0,1.25,True,True,0.664062,0.664062,1.25,512,512,True,True,True,True
1.3.6.1.4.1.14519.5.2.1.6279.6001.231645134739451754302647733304,LIDC-IDRI-0374,255,-310.25,7.25,1.25,True,True,0.654297,0.654297,1.25,512,512,True,True,True,True
1.3.6.1.4.1.14519.5.2.1.6279.6001.231834776365874788440767645596,LIDC-IDRI-0647,519,-299.484985,24.264999,0.625,True,True,0.625,0.625,1.25,512,512,True,True,True,True
1.3.6.1.4.1.14519.5.2.1.6279.6001.231939547329414331267567352432,LIDC-IDRI-0935,121,-411.0,-51.0,3.0,True,True,0.673828125,0.673828125,3.0,512,512,True,True,True,True
1.3.6.1.4.1.14519.5.2.1.6279.6001.232011770495640253949434620907,LIDC-IDRI-0584,166,-299.070007,30.93,2.0,True,True,0.703125,0.703125,2.5,512,512,True,True,True,True
1.3.6.1.4.1.14519.5.2.1.6279.6001.232058316950007760548968840196,LIDC-IDRI-0783,271,-346.0,-8.5,1.25,True,True,0.703125,0.703125,1.25,512,512,True,True,True,True
1.3.6.1.4.1.14519.5.2.1.6279.6001.232071262560365924176679652948,LIDC-IDRI-0815,263,-556.799988,-294.799988,1.0,True,True,0.6640625,0.6640625,2.0,512,512,True,True,True,True
1.3.6.1.4.1.14519.5.2.1.6279.6001.233001470265230594739708503198,LIDC-IDRI-0740,199,-386.4,-30.0,1.8000000000000114,True,True,0.56640625,0.56640625,2.0,512,512,True,True,True,True
1.3.6.1.4.1.14519.5.2.1.6279.6001.233433352108264931671753343044,LIDC-IDRI-0142,333,-401.0,-69.0,1.0,True,True,0.775390625,0.775390625,2.0,512,512,True,True,True,True
1.3.6.1.4.1.14519.5.2.1.6279.6001.233652865358649579816568545171,LIDC-IDRI-0222,129,-325.75,-5.75,2.5,True,True,0.625,0.625,2.5,512,512,True,True,True,True
1.3.6.1.4.1.14519.5.2.1.6279.6001.234400932423244218697302970157,LIDC-IDRI-0102,143,-352.25,2.75,2.5,True,True,0.976562,0.976562,2.5,512,512,True,True,True,True
1.3.6.1.4.1.14519.5.2.1.6279.6001.235217371152464582553341729176,LIDC-IDRI-0528,126,-337.23999,-24.74,2.5,True,True,0.691406,0.691406,2.5,512,512,True,True,True,True
1.3.6.1.4.1.14519.5.2.1.6279.6001.235364978775280910367690540811,LIDC-IDRI-0919,246,-324.804993,-18.555,1.25,True,True,0.566406,0.566406,1.25,512,512,True,True,True,True
1.3.6.1.4.1.14519.5.2.1.6279.6001.235381170872316280538332229850,LIDC-IDRI-0323,96,-317.0,-32.0,3.0,True,True,0.64453125,0.64453125,3.0,512,512,True,True,True,True
1.3.6.1.4.1.14519.5.2.1.6279.6001.236452051640243530449001532111,LIDC-IDRI-0351,103,-314.0,-8.0,3.0,True,True,0.56640625,0.56640625,3.0,512,512,True,True,True,True
1.3.6.1.4.1.14519.5.2.1.6279.6001.236698827306171960683086245994,LIDC-IDRI-0201,133,-323.5,6.5,2.5,True,True,0.664062,0.664062,2.5,512,512,True,True,True,True
1.3.6.1.4.1.14519.5.2.1.6279.6001.237215747217294006286437405216,LIDC-IDRI-0580,250,-282.230011,29.02,1.25,True,True,0.703125,0.703125,1.25,512,512,True,True,True,True
1.3.6.1.4.1.14519.5.2.1.6279.6001.237428977311365557972720635401,LIDC-IDRI-0399,238,-299.75,-3.5,1.25,True,True,0.664062,0.664062,1.25,512,512,True,True,True,True
1.3.6.1.4.1.14519.5.2.1.6279.6001.237915456403882324748189195892,LIDC-IDRI-0847,122,-304.399994,-1.9,2.5,True,True,0.615234,0.615234,2.5,512,512,True,True,True,True
1.3.6.1.4.1.14519.5.2.1.6279.6001.238019241099704094018548301753,LIDC-IDRI-0301,513,-331.845001,-11.845,0.625,True,True,0.703125,0.703125,1.25,512,512,True,True,True,True
1.3.6.1.4.1.14519.5.2.1.6279.6001.238042459915048190592571019348,LIDC-IDRI-0155,238,-284.5,11.75,1.25,True,True,0.78125,0.78125,1.25,512,512,True,True,True,True
1.3.6.1.4.1.14519.5.2.1.6279.6001.238522526736091851696274044574,LIDC-IDRI-0753,183,-342.6,-15.0,1.8000000000000043,True,True,0.6640625,0.6640625,2.0,512,512,True,True,True,True
1.3.6.1.4.1.14519.5.2.1.6279.6001.238855414831158993232534884296,LIDC-IDRI-0953,372,-211.459991,20.415001,0.625,True,True,0.585938,0.585938,1.25,512,512,True,True,True,True
1.3.6.1.4.1.14519.5.2.1.6279.6001.239358021703233250639913775427,LIDC-IDRI-0049,133,-351.25,-21.25,2.5,True,True,0.644531,0.644531,2.5,512,512,True,True,True,True
1.3.6.1.4.1.14519.5.2.1.6279.6001.240630002689062442926543993263,LIDC-IDRI-0823,131,-350.0,-25.0,2.5,True,True,0.546875,0.546875,2.5,512,512,True,True,True,True
1.3.6.1.4.1.14519.5.2.1.6279.6001.240969450540588211676803094518,LIDC-IDRI-0255,133,-341.0,-11.0,2.5,True,True,0.703125,0.703125,2.5,512,512,True,True,True,True
1.3.6.1.4.1.14519.5.2.1.6279.6001.241083615484551649610616348856,LIDC-IDRI-0453,159,-331.9,-47.5,1.8000000000000114,True,True,0.64453125,0.64453125,2.0,512,512,True,True,True,True
1.3.6.1.4.1.14519.5.2.1.6279.6001.241570579760883349458693655367,LIDC-IDRI-0613,325,1539.0,1863.0,1.0,True,True,0.611328125,0.611328125,2.0,512,512,True,True,True,True
1.3.6.1.4.1.14519.5.2.1.6279.6001.241717018262666382493757419144,LIDC-IDRI-0128,257,-310.0,10.0,1.25,True,True,0.851562,0.851562,1.25,512,512,True,True,True,True
1.3.6.1.4.1.14519.5.2.1.6279.6001.242008481133355578039985255654,LIDC-IDRI-0382,106,-1166.5,-851.5,3.0,True,True,0.607,0.607,3.0,512,512,True,True,True,True
1.3.6.1.4.1.14519.5.2.1.6279.6001.242624386080831911167122628616,LIDC-IDRI-0863,429,-367.0,-67.4,0.6999999999999886,True,True,0.5859375,0.5859375,0.75,512,512,True,True,True,True
1.3.6.1.4.1.14519.5.2.1.6279.6001.242761658169703141430370511586,LIDC-IDRI-0259,149,-404.75,-34.75,2.5,True,True,0.742188,0.742188,2.5,512,512,True,True,True,True
1.3.6.1.4.1.14519.5.2.1.6279.6001.243094273518213382155770295147,LIDC-IDRI-0181,150,-414.75,-42.25,2.5,True,True,0.78125,0.78125,2.5,512,512,True,True,True,True
1.3.6.1.4.1.14519.5.2.1.6279.6001.244204120220889433826451158706,LIDC-IDRI-0158,251,-330.0,-17.5,1.25,True,True,0.808594,0.808594,1.25,512,512,True,True,True,True
1.3.6.1.4.1.14519.5.2.1.6279.6001.244442540088515471945035689377,LIDC-IDRI-0717,425,-361.5,-64.7,0.6999999999999886,True,True,0.5390625,0.5390625,0.75,512,512,True,True,True,True
1.3.6.1.4.1.14519.5.2.1.6279.6001.244447966386688625240438849169,LIDC-IDRI-0898,272,-585.799988,-314.799988,1.0,True,True,0.67578125,0.67578125,1.0,512,512,True,True,True,True
1.3.6.1.4.1.14519.5.2.1.6279.6001.244590453955380448651329424024,LIDC-IDRI-0726,421,-385.0,-91.0,0.6999999999999886,True,True,0.66796875,0.66796875,0.75,512,512,True,True,True,True
1.3.6.1.4.1.14519.5.2.1.6279.6001.244681063194071446501270815660,LIDC-IDRI-0732,167,-338.8,-40.0,1.8000000000000114,True,True,0.6640625,0.6640625,2.0,512,512,True,True,True,True
1.3.6.1.4.1.14519.5.2.1.6279.6001.244995725416880806339898556632,LIDC-IDRI-0741,319,-652.4,-16.4,2.0,True,True,0.728515625,0.728515625,4.0,512,512,True,True,True,True
1.3.6.1.4.1.14519.5.2.1.6279.6001.245181799370098278918756923992,LIDC-IDRI-0267,150,-389.0,-20.5,2.5,True,False,0.820312,0.820312,2.5,512,512,True,True,True,True
1.3.6.1.4.1.14519.5.2.1.6279.6001.245248446973732759194067808002,LIDC-IDRI-0590,500,-339.695007,-27.82,0.625,True,True,0.703125,0.703125,1.25,512,512,True,True,True,True
1.3.6.1.4.1.14519.5.2.1.6279.6001.245349763807614756148761326488,LIDC-IDRI-0842,138,-362.25,-19.75,2.5,True,True,0.722656,0.722656,2.5,512,512,True,True,True,True
1.3.6.1.4.1.14519.5.2.1.6279.6001.245391706475696258069508046497,LIDC-IDRI-0643,128,-345.100006,-27.6,2.5,True,True,0.611328,0.611328,2.5,512,512,True,True,True,True
1.3.6.1.4.1.14519.5.2.1.6279.6001.245546033414728092794968890929,LIDC-IDRI-0588,133,-378.0,-48.0,2.5,True,True,0.722656,0.722656,2.5,512,512,True,True,True,True
1.3.6.1.4.1.14519.5.2.1.6279.6001.246178337114401749164850220976,LIDC-IDRI-0711,139,-367.5,-22.5,2.5,True,True,0.75,0.75,2.5,512,512,True,True,True,True
1.3.6.1.4.1.14519.5.2.1.6279.6001.246225645401227472829175288633,LIDC-IDRI-0924,335,1370.0,1704.0,1.0,True,True,0.623046875,0.623046875,2.0,512,512,True,True,True,True
1.3.6.1.4.1.14519.5.2.1.6279.6001.246589849815292078281051154201,LIDC-IDRI-0231,147,-368.5,-3.5,2.5,True,True,0.859375,0.859375,2.5,512,512,True,True,True,True
1.3.6.1.4.1.14519.5.2.1.6279.6001.246758220302211646532176593724,LIDC-IDRI-0602,300,1395.5,1694.5,1.0,True,True,0.654296875,0.654296875,1.0,512,512,True,True,True,True
1.3.6.1.4.1.14519.5.2.1.6279.6001.247060297988514823071467295949,LIDC-IDRI-0723,261,-314.0,11.0,1.25,True,True,0.703125,0.703125,1.25,512,512,True,True,True,True
1.3.6.1.4.1.14519.5.2.1.6279.6001.247769845138587733933485039556,LIDC-IDRI-0854,436,-246.639999,25.235001,0.625,True,True,0.703125,0.703125,1.25,512,512,True,True,True,True
1.3.6.1.4.1.14519.5.2.1.6279.6001.247816269490470394602288565775,LIDC-IDRI-0490,590,-564.400024,-299.350006,0.4500120000000152,True,True,0.626953125,0.626953125,0.9,512,512,True,True,True,True
1.3.6.1.4.1.14519.5.2.1.6279.6001.248357157975955379661896491341,LIDC-IDRI-0271,117,-315.25,-25.25,2.5,True,True,0.703125,0.703125,2.5,512,512,True,True,True,True
1.3.6.1.4.1.14519.5.2.1.6279.6001.248360766706804179966476685510,LIDC-IDRI-0279,129,-324.25,-4.25,2.5,True,True,0.742188,0.742188,2.5,512,512,True,True,True,True
1.3.6.1.4.1.14519.5.2.1.6279.6001.248425363469507808613979846863,LIDC-IDRI-0545,461,-285.100006,2.4,0.625,True,True,0.78125,0.78125,1.25,512,512,True,True,True,True
1.3.6.1.4.1.14519.5.2.1.6279.6001.249032660919473722154870746474,LIDC-IDRI-0269,293,-335.25,29.75,1.25,True,True,0.689453,0.689453,1.25,512,512,True,True,True,True
1.3.6.1.4.1.14519.5.2.1.6279.6001.249314567767437206995861966896,LIDC-IDRI-0223,238,-332.25,-36.0,1.25,True,True,0.78125,0.78125,1.25,512,512,True,True,True,True
1.3.6.1.4.1.14519.5.2.1.6279.6001.249404938669582150398726875826,LIDC-IDRI-0144,133,-342.88501,-12.885,2.5,True,True,0.742188,0.742188,2.5,512,512,True,True,True,True
1.3.6.1.4.1.14519.5.2.1.6279.6001.249450003033735700817635168066,LIDC-IDRI-0356,193,-383.6,-38.0,1.8000000000000114,True,True,0.546875,0.546875,2.0,512,512,True,True,True,True
1.3.6.1.4.1.14519.5.2.1.6279.6001.249530219848512542668813996730,LIDC-IDRI-0705,481,-271.059998,28.940001,0.625,True,True,0.605469,0.605469,1.25,512,512,True,True,True,True
1.3.6.1.4.1.14519.5.2.1.6279.6001.250397690690072950000431855143,LIDC-IDRI-0476,246,-315.25,-9.0,1.25,True,True,0.761719,0.761719,1.25,512,512,True,True,True,True
1.3.6.1.4.1.14519.5.2.1.6279.6001.250438451287314206124484591986,LIDC-IDRI-0988,221,-268.0,7.0,1.25,True,True,0.621094,0.621094,1.25,512,512,True,True,True,True
1.3.6.1.4.1.14519.5.2.1.6279.6001.250481236093201801255751845296,LIDC-IDRI-0739,548,-278.570007,63.305,0.625,True,True,0.78125,0.78125,1.25,512,512,True,True,True,True
1.3.6.1.4.1.14519.5.2.1.6279.6001.250863365157630276148828903732,LIDC-IDRI-0048,297,-390.0,-20.0,1.25,True,True,0.949219,0.949219,1.25,512,512,True,True,True,True
1.3.6.1.4.1.14519.5.2.1.6279.6001.251204142823446211001577555181,LIDC-IDRI-0436,114,-362.5,-23.5,3.0,True,True,0.689453125,0.689453125,3.0,512,512,True,True,True,True
1.3.6.1.4.1.14519.5.2.1.6279.6001.251215764736737018371915284679,LIDC-IDRI-0108,143,-385.5,-30.5,2.5,True,True,0.703125,0.703125,2.5,512,512,True,True,True,True
1.3.6.1.4.1.14519.5.2.1.6279.6001.252358625003143649770119512644,LIDC-IDRI-0947,503,-318.505005,-4.755,0.625,True,True,0.703125,0.703125,1.25,512,512,True,True,True,True
1.3.6.1.4.1.14519.5.2.1.6279.6001.252634638822000832774167856951,LIDC-IDRI-0057,245,-300.0,5.0,1.25,True,True,0.730469,0.730469,1.25,512,512,True,True,True,True
1.3.6.1.4.1.14519.5.2.1.6279.6001.252697338970999211181671881792,LIDC-IDRI-0848,213,-303.059998,-38.060001,1.25,True,True,0.646484,0.646484,1.25,512,512,True,True,True,True
1.3.6.1.4.1.14519.5.2.1.6279.6001.252709517998555732486024866345,LIDC-IDRI-0881,124,-327.480011,-19.98,2.5,True,True,0.615234,0.615234,2.5,512,512,True,True,True,True
1.3.6.1.4.1.14519.5.2.1.6279.6001.252814707117018427472206147014,LIDC-IDRI-0656,280,-380.029999,-31.280001,1.25,True,True,0.703125,0.703125,1.25,512,512,True,True,True,True
1.3.6.1.4.1.14519.5.2.1.6279.6001.253283426904813468115158375647,LIDC-IDRI-0934,128,-337.480011,-19.98,2.5,True,True,0.619141,0.619141,2.5,512,512,True,True,True,True
1.3.6.1.4.1.14519.5.2.1.6279.6001.253317247142837717905329340520,LIDC-IDRI-0571,121,-310.940002,-10.94,2.5,True,True,0.5625,0.5625,2.5,512,512,True,True,True,True
1.3.6.1.4.1.14519.5.2.1.6279.6001.253322967203074795232627653819,LIDC-IDRI-0827,461,-270.875,16.625,0.625,True,True,0.644531,0.644531,1.25,512,512,True,True,True,True
1.3.6.1.4.1.14519.5.2.1.6279.6001.254138388912084634057282064266,LIDC-IDRI-0986,127,-320.25,-5.25,2.5,True,True,0.644531,0.644531,2.5,512,512,True,True,True,True
1.3.6.1.4.1.14519.5.2.1.6279.6001.254176853278710432756285662989,LIDC-IDRI-0132,116,-366.5,-21.5,3.0,True,True,0.546875,0.546875,3.0,512,512,True,True,True,True
1.3.6.1.4.1.14519.5.2.1.6279.6001.254254303842550572473665729969,LIDC-IDRI-0120,183,1250.5,1614.5,2.0,True,True,0.946,0.946,2.0,512,512,True,True,True,True
1.3.6.1.4.1.14519.5.2.1.6279.6001.254473943359963613733707320244,LIDC-IDRI-0894,252,-330.399994,-16.65,1.25,True,True,0.703125,0.703125,1.25,512,512,True,True,True,True
1.3.6.1.4.1.14519.5.2.1.6279.6001.254921765503801141457177972447,LIDC-IDRI-0707,109,1247.0,1571.0,3.0,True,True,0.671,0.671,3.0,512,512,True,True,True,True
1.3.6.1.4.1.14519.5.2.1.6279.6001.254929810944557499537650429296,LIDC-IDRI-0302,471,-335.419983,-41.669998,0.625,True,True,0.703125,0.703125,1.25,512,512,True,True,True,True
1.3.6.1.4.1.14519.5.2.1.6279.6001.254957696184671649675053562027,LIDC-IDRI-0419,201,-410.5,-50.5,1.8000000000000114,True,True,0.6640625,0.6640625,2.0,512,512,True,True,True,True
1.3.6.1.4.1.14519.5.2.1.6279.6001.255233548387770235844350895151,LIDC-IDRI-0534,127,-412.0,-34.0,3.0,True,True,0.66796875,0.66796875,3.0,512,512,True,True,True,True
1.3.6.1.4.1.14519.5.2.1.6279.6001.255409701134762680010928250229,LIDC-IDRI-0607,149,-302.165009,-6.165,2.0,True,True,0.625,0.625,2.5,512,512,True,True,True,True
1.3.6.1.4.1.14519.5.2.1.6279.6001.255999614855292116767517149228,LIDC-IDRI-0159,137,-357.25,-17.25,2.5,True,True,0.78125,0.78125,2.5,512,512,True,True,True,True
1.3.6.1.4.1.14519.5.2.1.6279.6001.256542095129414948017808425649,LIDC-IDRI-0891,139,-386.390015,-41.389999,2.5,True,True,0.757812,0.757812,2.5,512,512,True,True,True,True
1.3.6.1.4.1.14519.5.2.1.6279.6001.257383535269991165447822992959,LIDC-IDRI-0111,133,-350.945007,-20.945,2.5,True,True,0.703125,0.703125,2.5,512,512,True,True,True,True
1.3.6.1.4.1.14519.5.2.1.6279.6001.257515388956260258681136624817,LIDC-IDRI-0130,324,-339.0,-16.0,1.0,True,True,0.720703125,0.720703125,2.0,512,512,True,True,True,True
1.3.6.1.4.1.14519.5.2.1.6279.6001.257840703452266097926250569223,LIDC-IDRI-0282,119,-325.0,-30.0,2.5,True,True,0.703125,0.703125,2.5,512,512,True,True,True,True
1.3.6.1.4.1.14519.5.2.1.6279.6001.258063830035095530590787548770,LIDC-IDRI-0303,124,-440.5,-71.5,3.0,True,True,0.763671875,0.763671875,3.0,512,512,True,True,True,True
1.3.6.1.4.1.14519.5.2.1.6279.6001.258220324170977900491673635112,LIDC-IDRI-0469,465,-301.875,-11.875,0.625,True,True,0.585938,0.585938,1.25,512,512,True,True,True,True
1.3.6.1.4.1.14519.5.2.1.6279.6001.259018373683540453277752706262,LIDC-IDRI-0502,130,-389.589996,-67.089996,2.5,True,True,0.722656,0.722656,2.5,512,512,True,True,True,True
1.3.6.1.4.1.14519.5.2.1.6279.6001.259123825760999546551970425757,LIDC-IDRI-0454,275,-591.0,-317.0,1.0,True,True,0.724609375,0.724609375,1.0,512,512,True,True,True,True
1.3.6.1.4.1.14519.5.2.1.6279.6001.259124675432205040899951626253,LIDC-IDRI-0789,477,-301.730011,-4.23,0.625,True,True,0.683594,0.683594,1.25,512,512,True,True,True,True
1.3.6.1.4.1.14519.5.2.1.6279.6001.259227883564429312164962953756,LIDC-IDRI-0905,245,-289.359985,15.64,1.25,True,True,0.546875,0.546875,2.5,512,512,True,True,True,True
1.3.6.1.4.1.14519.5.2.1.6279.6001.259453428008507791234730686014,LIDC-IDRI-0786,144,-379.390015,-21.889999,2.5,True,True,0.617188,0.617188,2.5,512,512,True,True,True,True
1.3.6.1.4.1.14519.5.2.1.6279.6001.259543921154154401875872845498,LIDC-IDRI-0434,506,-304.690002,10.935,0.625,True,True,0.703125,0.703125,1.25,512,512,True,True,True,True
1.3.6.1.4.1.14519.5.2.1.6279.6001.259737874318594997287940213435,LIDC-IDRI-0414,122,-404.0,-41.0,3.0,True,True,0.66796875,0.66796875,3.0,512,512,True,True,True,True
1.3.6.1.4.1.14519.5.2.1.6279.6001.261678072503577216586082745513,LIDC-IDRI-0457,179,-357.9,-37.5,1.8000000000000114,True,True,0.68359375,0.68359375,2.0,512,512,True,True,True,True
1.3.6.1.4.1.14519.5.2.1.6279.6001.261700367741314729940340271960,LIDC-IDRI-0212,133,-373.75,-43.75,2.5,True,True,0.703125,0.703125,2.5,512,512,True,True,True,True
1.3.6.1.4.1.14519.5.2.1.6279.6001.262736997975960398949912434623,LIDC-IDRI-0380,182,-355.8,-30.0,1.8000000000000114,True,True,0.625,0.625,2.0,512,512,True,True,True,True
1.3.6.1.4.1.14519.5.2.1.6279.6001.262873069163227096134627700599,LIDC-IDRI-0264,238,-303.079987,-6.829987,1.25,True,True,0.703125,0.703125,1.25,512,512,True,True,True,True
1.3.6.1.4.1.14519.5.2.1.6279.6001.264090899378396711987322794314,LIDC-IDRI-0029,273,-345.0,-5.0,1.25,True,True,0.878906,0.878906,1.25,512,512,True,True,True,True
1.3.6.1.4.1.14519.5.2.1.6279.6001.264251211689085893915477907261,LIDC-IDRI-0386,503,-300.920013,12.83,0.625,True,True,0.742188,0.742188,1.25,512,512,True,True,True,True
1.3.6.1.4.1.14519.5.2.1.6279.6001.265133389948279331857097127422,LIDC-IDRI-0922,413,-275.005005,-17.504999,0.625,True,True,0.625,0.625,1.25,512,512,True,True,True,True
1.3.6.1.4.1.14519.5.2.1.6279.6001.265453131727473342790950829556,LIDC-IDRI-0770,347,-308.6,37.4,1.0,True,True,0.625,0.625,1.0,512,512,True,True,True,True
1.3.6.1.4.1.14519.5.2.1.6279.6001.265570697208310960298668720669,LIDC-IDRI-0731,420,-249.994995,11.88,0.625,True,True,0.703125,0.703125,1.25,512,512,True,True,True,True
1.3.6.1.4.1.14519.5.2.1.6279.6001.265775376735520890308424143898,LIDC-IDRI-0742,300,-864.900024,-565.900024,1.0,True,True,0.63671875,0.63671875,1.0,512,512,True,True,True,True
1.3.6.1.4.1.14519.5.2.1.6279.6001.265780642925621389994857727416,LIDC-IDRI-0497,236,-296.0,-2.25,1.25,True,True,0.703125,0.703125,1.25,512,512,True,True,True,True
1.3.6.1.4.1.14519.5.2.1.6279.6001.265960756233787099041040311282,LIDC-IDRI-0908,535,-334.75,-1.0,0.625,True,True,0.664062,0.664062,1.25,512,512,True,True,True,True
1.3.6.1.4.1.14519.5.2.1.6279.6001.266009527139315622265711325223,LIDC-IDRI-0790,239,-333.5,-36.0,1.25,True,True,0.794922,0.794922,1.25,512,512,True,True,True,True
1.3.6.1.4.1.14519.5.2.1.6279.6001.266462563888243192390432002410,LIDC-IDRI-0337,117,-366.0,-18.0,3.0,True,True,0.56640625,0.56640625,3.0,512,512,True,True,True,True
1.3.6.1.4.1.14519.5.2.1.6279.6001.266485463235825902797310439568,LIDC-IDRI-0103,111,-373.0,-43.0,3.0,True,True,0.6328125,0.6328125,3.0,512,512,True,True,True,True
1.3.6.1.4.1.14519.5.2.1.6279.6001.266581250778073944645044950856,LIDC-IDRI-0989,290,-842.400024,-553.400024,1.0,True,True,0.64453125,0.64453125,2.0,512,512,True,True,True,True
1.3.6.1.4.1.14519.5.2.1.6279.6001.267519732763035023633235877753,LIDC-IDRI-0427,426,-265.625,0.0,0.625,True,True,0.742188,0.742188,1.25,512,512,True,True,True,True
1.3.6.1.4.1.14519.5.2.1.6279.6001.267957701183569638795986183786,LIDC-IDRI-0141,368,37.5,404.5,1.0,True,True,0.623046875,0.623046875,2.0,512,512,True,True,True,True
1.3.6.1.4.1.14519.5.2.1.6279.6001.268030488196493755113553009785,LIDC-IDRI-0385,445,-248.115005,29.385,0.625,True,True,0.644531,0.644531,1.25,512,512,True,True,True,True
1.3.6.1.4.1.14519.5.2.1.6279.6001.268589491017129166376960414534,LIDC-IDRI-0573,127,-350.0,-35.0,2.5,True,True,0.644531,0.644531,2.5,512,512,True,True,True,True
1.3.6.1.4.1.14519.5.2.1.6279.6001.268838889380981659524993261082,LIDC-IDRI-0174,133,-336.25,-6.25,2.5,True,True,0.742188,0.742188,2.5,512,512,True,True,True,True
1.3.6.1.4.1.14519.5.2.1.6279.6001.268992195564407418480563388746,LIDC-IDRI-0273,133,-386.0,-56.0,2.5,True,True,0.703125,0.703125,2.5,512,512,True,True,True,True
1.3.6.1.4.1.14519.5.2.1.6279.6001.269075535958871753309238331179,LIDC-IDRI-0407,183,694.9,1022.5,1.7999999999999545,True,True,0.6640625,0.6640625,2.0,512,512,True,True,True,True
1.3.6.1.4.1.14519.5.2.1.6279.6001.269689294231892620436462818860,LIDC-IDRI-0306,123,-323.230011,-18.23,2.5,True,True,0.617188,0.617188,2.5,512,512,True,True,True,True
1.3.6.1.4.1.14519.5.2.1.6279.6001.270152671889301412052226973069,LIDC-IDRI-0552,135,-322.5,12.5,2.5,True,True,0.556641,0.556641,2.5,512,512,True,True,True,True
1.3.6.1.4.1.14519.5.2.1.6279.6001.270215889102603268207599305185,LIDC-IDRI-0308,564,-349.019989,2.855,0.625,True,True,0.703125,0.703125,1.25,512,512,True,True,True,True
1.3.6.1.4.1.14519.5.2.1.6279.6001.270390050141765094612147226290,LIDC-IDRI-0244,144,-362.75,-5.25,2.5,True,True,0.78125,0.78125,2.5,512,512,True,True,True,True
1.3.6.1.4.1.14519.5.2.1.6279.6001.270788655216695628640355888562,LIDC-IDRI-0551,522,-295.170013,30.455,0.625,True,True,0.703125,0.703125,1.25,512,512,True,True,True,True
1.3.6.1.4.1.14519.5.2.1.6279.6001.270951128717816232360812849541,LIDC-IDRI-0682,298,-392.184998,-20.934999,1.25,True,True,0.71875,0.71875,1.25,512,512,True,True,True,True
1.3.6.1.4.1.14519.5.2.1.6279.6001.271181474656996637903928248007,LIDC-IDRI-0527,129,-416.5,-32.5,3.0,True,True,0.73046875,0.73046875,3.0,512,512,True,True,True,True
1.3.6.1.4.1.14519.5.2.1.6279.6001.271220641987745483198036913951,LIDC-IDRI-0344,503,-434.5,-83.1,0.6999999999999886,True,True,0.6875,0.6875,0.75,512,512,True,True,True,True
1.3.6.1.4.1.14519.5.2.1.6279.6001.271307051432838466826189754230,LIDC-IDRI-0163,133,-363.75,-33.75,2.5,True,True,0.703125,0.703125,2.5,512,512,True,True,True,True
1.3.6.1.4.1.14519.5.2.1.6279.6001.272042302501586336192628818865,LIDC-IDRI-0352,280,-817.199951,-538.199951,1.0,True,True,0.7109375,0.7109375,1.0,512,512,True,True,True,True
1.3.6.1.4.1.14519.5.2.1.6279.6001.272123398257168239653655006815,LIDC-IDRI-1011,133,-370.5,-40.5,2.5,True,True,0.859375,0.859375,2.5,512,512,True,True,True,True
1.3.6.1.4.1.14519.5.2.1.6279.6001.272190966764020277652079081128,LIDC-IDRI-0063,133,-368.0,-38.0,2.5,True,True,0.78125,0.78125,2.5,512,512,True,True,True,True
1.3.6.1.4.1.14519.5.2.1.6279.6001.272259794130271010519952623746,LIDC-IDRI-0564,477,-308.839996,-11.34,0.625,True,True,0.859375,0.859375,1.25,512,512,True,True,True,True
1.3.6.1.4.1.14519.5.2.1.6279.6001.272343160521796269119503632549,LIDC-IDRI-0347,131,-404.5,-14.5,3.0,True,True,0.720703125,0.720703125,3.0,512,512,True,True,True,True
1.3.6.1.4.1.14519.5.2.1.6279.6001.272344603176687884771013620823,LIDC-IDRI-0221,138,-371.0,-28.5,2.5,True,True,0.78125,0.78125,2.5,512,512,True,True,True,True
1.3.6.1.4.1.14519.5.2.1.6279.6001.272348349298439120568330857680,LIDC-IDRI-0007,145,-359.5,0.5,2.5,True,True,0.78125,0.78125,2.5,512,512,True,True,True,True
1.3.6.1.4.1.14519.5.2.1.6279.6001.272961322147784625028175033640,LIDC-IDRI-0040,121,-337.535004,-37.535,2.5,True,True,0.664062,0.664062,2.5,512,512,True,True,True,True
1.3.6.1.4.1.14519.5.2.1.6279.6001.273509906901630724765262021367,LIDC-IDRI-0533,118,-389.0,-38.0,3.0,True,True,0.66796875,0.66796875,3.0,512,512,True,True,True,True
1.3.6.1.4.1.14519.5.2.1.6279.6001.273525289046256012743471155680,LIDC-IDRI-0834,280,-747.0,-468.0,1.0,True,True,0.80078125,0.80078125,1.0,512,512,True,True,True,True
1.3.6.1.4.1.14519.5.2.1.6279.6001.274052674198758621258447180130,LIDC-IDRI-0486,300,-675.5,-376.5,1.0,True,True,0.662109375,0.662109375,2.0,512,512,True,True,True,True
1.3.6.1.4.1.14519.5.2.1.6279.6001.274231544628870369798516818358,LIDC-IDRI-0937,99,-313.5,-19.5,3.0,True,True,0.546875,0.546875,3.0,512,512,True,True,True,True
1.3.6.1.4.1.14519.5.2.1.6279.6001.275007193025729362844652516689,LIDC-IDRI-0466,209,-226.0,34.0,1.25,True,True,0.617188,0.617188,1.25,512,512,True,True,True,True
1.3.6.1.4.1.14519.5.2.1.6279.6001.275124131364875117499826877835,LIDC-IDRI-0944,114,-390.0,-51.0,3.0,True,True,0.6171875,0.6171875,3.0,512,512,True,True,True,True
1.3.6.1.4.1.14519.5.2.1.6279.6001.275755514659958628040305922764,LIDC-IDRI-0843,493,-401.5,-57.1,0.6999999999999886,True,True,0.76171875,0.76171875,0.75,512,512,True,True,True,True
1.3.6.1.4.1.14519.5.2.1.6279.6001.275766318636944297772360944907,LIDC-IDRI-0902,477,-310.25,-12.75,0.625,True,True,0.703125,0.703125,1.25,512,512,True,True,True,True
1.3.6.1.4.1.14519.5.2.1.6279.6001.275849601663847251574860892603,LIDC-IDRI-0558,350,-818.300049,-469.300049,1.0,True,True,0.54296875,0.54296875,2.0,512,512,True,True,True,True
1.3.6.1.4.1.14519.5.2.1.6279.6001.275986221854423197884953496664,LIDC-IDRI-0535,265,-687.300049,-423.300049,1.0,True,True,0.716796875,0.716796875,1.0,512,512,True,True,True,True
1.3.6.1.4.1.14519.5.2.1.6279.6001.276351267409869539593937734609,LIDC-IDRI-0650,241,-301.25,-1.25,1.25,True,True,0.585938,0.585938,1.25,512,512,True,True,True,True
1.3.6.1.4.1.14519.5.2.1.6279.6001.276556509002726404418399209377,LIDC-IDRI-0420,185,-360.7,-29.5,1.8000000000000114,True,True,0.6640625,0.6640625,2.0,512,512,True,True,True,True
1.3.6.1.4.1.14519.5.2.1.6279.6001.276710697414087561012670296643,LIDC-IDRI-0109,223,-289.0,-11.5,1.25,True,True,0.78125,0.78125,1.25,512,512,True,True,True,True
1.3.6.1.4.1.14519.5.2.1.6279.6001.276831325040358815613434606380,LIDC-IDRI-0395,129,1312.5,1696.5,3.0,True,True,0.662,0.662,3.0,512,512,True,True,True,True
1.3.6.1.4.1.14519.5.2.1.6279.6001.277445975068759205899107114231,LIDC-IDRI-0413,177,-342.8,-26.0,1.8000000000000078,True,True,0.7421875,0.7421875,2.0,512,512,True,True,True,True
1.3.6.1.4.1.14519.5.2.1.6279.6001.277452631455527999380186898011,LIDC-IDRI-0270,143,-369.5,-14.5,2.5,True,True,0.742188,0.742188,2.5,512,512,True,True,True,True
1.3.6.1.4.1.14519.5.2.1.6279.6001.277662902666135640561346462196,LIDC-IDRI-0681,497,-336.505005,-26.504999,0.625,True,True,0.761719,0.761719,1.25,512,512,True,True,True,True
1.3.6.1.4.1.14519.5.2.1.6279.6001.278010349511857248000260557753,LIDC-IDRI-0941,545,-314.75,25.25,0.625,True,True,0.703125,0.703125,1.25,512,512,True,True,True,True
1.3.6.1.4.1.14519.5.2.1.6279.6001.278660284797073139172446973682,LIDC-IDRI-0189,117,-310.5,-20.5,2.5,True,True,0.664062,0.664062,2.5,512,512,True,True,True,True
1.3.6.1.4.1.14519.5.2.1.6279.6001.279300249795483097365868125932,LIDC-IDRI-0073,131,-361.75,-36.75,2.5,True,True,0.703125,0.703125,2.5,512,512,True,True,True,True
1.3.6.1.4.1.14519.5.2.1.6279.6001.279953669991076107785464313394,LIDC-IDRI-0173,145,-380.0,-20.0,2.5,True,True,0.742188,0.742188,2.5,512,512,True,True,True,True
1.3.6.1.4.1.14519.5.2.1.6279.6001.280072876841890439628529365478,LIDC-IDRI-0775,334,-343.1,-10.1,1.0,True,True,0.5859375,0.5859375,1.0,512,512,True,True,True,True
1.3.6.1.4.1.14519.5.2.1.6279.6001.280125803152924778388346920341,LIDC-IDRI-0042,123,-338.25,-33.25,2.5,True,True,0.703125,0.703125,2.5,512,512,True,True,True,True
1.3.6.1.4.1.14519.5.2.1.6279.6001.280972147860943609388015648430,LIDC-IDRI-0261,139,-334.25,10.75,2.5,True,True,0.78125,0.78125,2.5,512,512,True,True,True,True
1.3.6.1.4.1.14519.5.2.1.6279.6001.281254424459536762125243157973,LIDC-IDRI-0958,135,-431.0,-29.0,3.0,True,True,0.7109375,0.7109375,3.0,512,512,True,True,True,True
1.3.6.1.4.1.14519.5.2.1.6279.6001.281489753704424911132261151767,LIDC-IDRI-0633,471,-275.73999,18.01,0.625,True,True,0.585938,0.585938,1.25,512,512,True,True,True,True
1.3.6.1.4.1.14519.5.2.1.6279.6001.281967919138248195763602360723,LIDC-IDRI-0967,125,-322.839996,-12.84,2.5,True,True,0.623047,0.623047,2.5,512,512,True,True,True,True
1.3.6.1.4.1.14519.5.2.1.6279.6001.282512043257574309474415322775,LIDC-IDRI-0423,283,-399.5,-47.0,1.25,True,True,0.761719,0.761719,1.25,512,512,False,True,True,True
1.3.6.1.4.1.14519.5.2.1.6279.6001.282779922503707013097174625409,LIDC-IDRI-0987,477,-282.329987,15.17,0.625,True,True,0.625,0.625,1.25,512,512,True,True,True,True
1.3.6.1.4.1.14519.5.2.1.6279.6001.283569726884265181140892667131,LIDC-IDRI-0171,95,-251.75,-16.75,2.5,True,True,0.859375,0.859375,2.5,512,512,True,True,True,True
1.3.6.1.4.1.14519.5.2.1.6279.6001.283733738239331719775105586296,LIDC-IDRI-0539,253,-341.540009,-26.540001,1.25,True,True,0.601562,0.601562,1.25,512,512,True,True,True,True
1.3.6.1.4.1.14519.5.2.1.6279.6001.283878926524838648426928238498,LIDC-IDRI-0307,264,-328.75,0.0,1.25,True,True,0.625,0.625,1.25,512,512,True,True,True,True
1.3.6.1.4.1.14519.5.2.1.6279.6001.285926554490515269336267972830,LIDC-IDRI-0693,131,-360.209991,-35.209999,2.5,True,True,0.742188,0.742188,2.5,512,512,True,True,True,True
1.3.6.1.4.1.14519.5.2.1.6279.6001.286061375572911414226912429210,LIDC-IDRI-0009,256,-325.0,-6.25,1.25,True,True,0.78125,0.78125,1.25,512,512,True,True,True,True
1.3.6.1.4.1.14519.5.2.1.6279.6001.286217539434358186648717203667,LIDC-IDRI-0092,241,-285.0,15.0,1.25,True,True,0.773438,0.773438,1.25,512,512,True,True,True,True
1.3.6.1.4.1.14519.5.2.1.6279.6001.286422846896797433168187085942,LIDC-IDRI-0702,445,-297.369995,-19.870001,0.625,True,True,0.703125,0.703125,1.25,512,512,True,True,True,True
1.3.6.1.4.1.14519.5.2.1.6279.6001.286524966129599998397777745271,LIDC-IDRI-0098,104,-296.5,12.5,3.0,True,True,0.63671875,0.63671875,3.0,512,512,True,True,True,True
1.3.6.1.4.1.14519.5.2.1.6279.6001.286627485198831346082954437212,LIDC-IDRI-0623,468,-293.375,-1.5,0.625,True,True,0.625,0.625,1.25,512,512,True,True,True,True
1.3.6.1.4.1.14519.5.2.1.6279.6001.286647622786041008124419915089,LIDC-IDRI-0877,248,-357.75,-49.0,1.25,True,True,0.722656,0.722656,1.25,512,512,True,True,True,True
1.3.6.1.4.1.14519.5.2.1.6279.6001.287560874054243719452635194040,LIDC-IDRI-0193,127,-306.75,8.25,2.5,True,True,0.703125,0.703125,2.5,512,512,True,True,True,True
1.3.6.1.4.1.14519.5.2.1.6279.6001.287966244644280690737019247886,LIDC-IDRI-0061,123,-338.0,-33.0,2.5,True,True,0.820312,0.820312,2.5,512,512,True,True,True,True
1.3.6.1.4.1.14519.5.2.1.6279.6001.288701997968615460794642979503,LIDC-IDRI-0084,166,1321.5,1651.5,2.0,True,True,0.705,0.705,2.0,512,512,True,True,True,True
1.3.6.1.4.1.14519.5.2.1.6279.6001.290135156874098366424871975734,LIDC-IDRI-0489,141,-386.5,-36.5,2.5,True,True,0.703125,0.703125,2.5,512,512,True,True,True,True
1.3.6.1.4.1.14519.5.2.1.6279.6001.290410217650314119074833254861,LIDC-IDRI-0071,261,-325.0,0.0,1.25,True,True,0.910156,0.910156,1.25,512,512,True,True,True,True
1.3.6.1.4.1.14519.5.2.1.6279.6001.291156498203266896953765649282,LIDC-IDRI-0506,153,-270.695007,33.305,2.0,True,True,0.742188,0.742188,2.5,512,512,True,True,True,True
1.3.6.1.4.1.14519.5.2.1.6279.6001.291539125579672469833850180824,LIDC-IDRI-0537,567,-325.75,28.0,0.625,True,True,0.742188,0.742188,1.25,512,512,True,True,True,True
1.3.6.1.4.1.14519.5.2.1.6279.6001.292049618819567427252971059233,LIDC-IDRI-0431,152,-266.315002,35.685001,2.0,True,True,0.644531,0.644531,2.5,512,512,True,True,True,True
1.3.6.1.4.1.14519.5.2.1.6279.6001.292057261351416339496913597985,LIDC-IDRI-0565,191,-394.0,-52.0,1.8000000000000114,True,True,0.68359375,0.68359375,2.0,512,512,True,True,True,True
1.3.6.1.4.1.14519.5.2.1.6279.6001.292194861362266467652267941663,LIDC-IDRI-0762,241,-300.0,0.0,1.25,True,True,0.609375,0.609375,1.25,512,512,True,True,True,True
1.3.6.1.4.1.14519.5.2.1.6279.6001.292287048883545067541391539652,LIDC-IDRI-0541,111,610.0,940.0,3.0,True,True,0.769,0.769,3.0,512,512,True,True,True,True
1.3.6.1.4.1.14519.5.2.1.6279.6001.292576688635952269497781991202,LIDC-IDRI-0247,127,-315.25,-0.25,2.5,True,True,0.625,0.625,2.5,512,512,True,True,True,True
1.3.6.1.4.1.14519.5.2.1.6279.6001.292868422368935585625620199750,LIDC-IDRI-0359,109,1368.0,1692.0,3.0,True,True,0.613,0.613,3.0,512,512,True,True,True,True
1.3.6.1.4.1.14519.5.2.1.6279.6001.292994770358625142596171316474,LIDC-IDRI-0372,270,-366.0,-29.75,1.25,True,True,0.703125,0.703125,1.25,512,512,True,True,True,True
1.3.6.1.4.1.14519.5.2.1.6279.6001.293042942258944468818728122049,LIDC-IDRI-0861,115,56.0,398.0,3.0,True,True,0.65234375,0.65234375,3.0,512,512,True,True,True,True
1.3.6.1.4.1.14519.5.2.1.6279.6001.293593766328917170359373773080,LIDC-IDRI-0639,413,-285.899994,-28.4,0.625,True,True,0.703125,0.703125,1.25,512,512,True,True,True,True
1.3.6.1.4.1.14519.5.2.1.6279.6001.293757615532132808762625441831,LIDC-IDRI-0867,477,-324.005005,-26.504999,0.625,True,True,0.78125,0.78125,1.25,512,512,True,True,True,True
1.3.6.1.4.1.14519.5.2.1.6279.6001.294120933998772507043263238704,LIDC-IDRI-0135,127,-335.75,-20.75,2.5,True,True,0.859375,0.859375,2.5,512,512,True,True,True,True
1.3.6.1.4.1.14519.5.2.1.6279.6001.294188507421106424248264912111,LIDC-IDRI-0312,250,-347.25,-36.0,1.25,True,True,0.585938,0.585938,1.25,512,512,True,True,True,True
1.3.6.1.4.1.14519.5.2.1.6279.6001.295298571102631191572192562523,LIDC-IDRI-0168,232,-304.25,-15.5,1.25,True,True,0.703125,0.703125,1.25,512,512,True,True,True,True
1.3.6.1.4.1.14519.5.2.1.6279.6001.295420274214095686326263147663,LIDC-IDRI-0394,244,-340.859985,-37.110001,1.25,True,True,0.525391,0.525391,1.25,512,512,True,True,True,True
1.3.6.1.4.1.14519.5.2.1.6279.6001.295462530340364058116953738925,LIDC-IDRI-0377,258,-284.76001,36.490002,1.25,True,True,0.664062,0.664062,2.5,512,512,True,True,True,True
1.3.6.1.4.1.14519.5.2.1.6279.6001.295958572786158575287945391206,LIDC-IDRI-0117,122,1298.0,1661.0,3.0,True,True,0.65,0.65,3.0,512,512,True,True,True,True
1.3.6.1.4.1.14519.5.2.1.6279.6001.296066944953051278419805374238,LIDC-IDRI-0349,179,-342.9,-22.5,1.8000000000000043,True,True,0.60546875,0.60546875,2.0,512,512,True,True,True,True
1.3.6.1.4.1.14519.5.2.1.6279.6001.296738183013079390785739615169,LIDC-IDRI-0936,227,-283.25,-0.75,1.25,True,True,0.585938,0.585938,1.25,512,512,True,True,True,True
1.3.6.1.4.1.14519.5.2.1.6279.6001.296863826932699509516219450076,LIDC-IDRI-0022,133,-336.75,-6.75,2.5,True,True,0.703125,0.703125,2.5,512,512,True,True,True,True
1.3.6.1.4.1.14519.5.2.1.6279.6001.297251044869095073091780740645,LIDC-IDRI-0370,449,-295.700012,-15.7,0.625,True,True,0.742188,0.742188,1.25,512,512,True,True,True,True
1.3.6.1.4.1.14519.5.2.1.6279.6001.297433269262659217151107535012,LIDC-IDRI-0440,497,-322.0,-12.0,0.625,True,True,0.703125,0.703125,1.25,512,512,True,True,True,True
1.3.6.1.4.1.14519.5.2.1.6279.6001.297964221542942838344351735414,LIDC-IDRI-0720,281,-811.400024,-531.400024,1.0,True,True,0.62890625,0.62890625,2.0,512,512,True,True,True,True
1.3.6.1.4.1.14519.5.2.1.6279.6001.297988578825170426663869669862,LIDC-IDRI-0752,247,-364.0,-56.5,1.25,True,True,0.703125,0.703125,1.25,512,512,True,True,True,True
1.3.6.1.4.1.14519.5.2.1.6279.6001.299476369290630280560355838785,LIDC-IDRI-0628,285,-154.210007,200.789993,1.25,True,True,0.779297,0.779297,1.25,512,512,True,True,True,True
1.3.6.1.4.1.14519.5.2.1.6279.6001.299767339686526858593516834230,LIDC-IDRI-0641,156,-251.475006,58.525002,2.0,True,True,0.644531,0.644531,2.5,512,512,True,True,True,True
1.3.6.1.4.1.14519.5.2.1.6279.6001.299806338046301317870803017534,LIDC-IDRI-0871,232,-326.334991,-37.584999,1.25,True,True,0.585938,0.585938,1.25,512,512,True,True,True,True
1.3.6.1.4.1.14519.5.2.1.6279.6001.300136985030081433029390459071,LIDC-IDRI-0053,111,-312.75,-37.75,2.5,True,True,0.703125,0.703125,2.5,512,512,True,True,True,True
1.3.6.1.4.1.14519.5.2.1.6279.6001.300146276266881736689307479986,LIDC-IDRI-0852,171,-343.0,-37.0,1.8000000000000114,True,True,0.546875,0.546875,2.0,512,512,True,True,True,True
1.3.6.1.4.1.14519.5.2.1.6279.6001.300246184547502297539521283806,LIDC-IDRI-0906,154,-309.76001,-3.76,2.0,True,True,0.644531,0.644531,2.5,512,512,True,True,True,True
1.3.6.1.4.1.14519.5.2.1.6279.6001.300270516469599170290456821227,LIDC-IDRI-0487,376,-316.5,-54.0,0.6999999999999886,True,True,0.4609375,0.4609375,0.75,512,512,True,True,True,True
1.3.6.1.4.1.14519.5.2.1.6279.6001.300271604576987336866436407488,LIDC-IDRI-0622,171,-384.0,-78.0,1.8000000000000114,True,True,0.58984375,0.58984375,2.0,512,512,True,True,True,True
1.3.6.1.4.1.14519.5.2.1.6279.6001.300392272203629213913702120739,LIDC-IDRI-0792,411,-661.5,-251.5,1.0,True,True,0.654296875,0.654296875,2.0,512,512,True,True,True,True
1.3.6.1.4.1.14519.5.2.1.6279.6001.300693623747082239407271583452,LIDC-IDRI-0295,284,-382.75,-29.0,1.25,True,True,0.625,0.625,1.25,512,512,True,True,True,True
1.3.6.1.4.1.14519.5.2.1.6279.6001.300724599751226863091983308838,LIDC-IDRI-0439,116,1302.5,1647.5,3.0,True,True,0.692,0.692,3.0,512,512,True,True,True,True
1.3.6.1.4.1.14519.5.2.1.6279.6001.301462380687644451483231621986,LIDC-IDRI-0507,318,969.5,1286.5,1.0,True,True,0.703125,0.703125,1.0,512,512,True,True,True,True
1.3.6.1.4.1.14519.5.2.1.6279.6001.301582691063019848479942618641,LIDC-IDRI-0614,583,-360.904999,2.845,0.625,True,True,0.703125,0.703125,1.25,512,512,True,True,True,True
1.3.6.1.4.1.14519.5.2.1.6279.6001.302134342469412607966016057827,LIDC-IDRI-0780,369,-225.699997,4.3,0.625,True,True,0.703125,0.703125,1.25,512,512,True,True,True,True
1.3.6.1.4.1.14519.5.2.1.6279.6001.302403227435841351528721627052,LIDC-IDRI-0326,261,-337.25,-12.25,1.25,True,True,0.625,0.625,1.25,512,512,True,True,True,True
1.3.6.1.4.1.14519.5.2.1.6279.6001.302557165094691896097534021075,LIDC-IDRI-0199,233,-262.25,27.75,1.25,True,True,0.664062,0.664062,1.25,512,512,True,True,True,True
1.3.6.1.4.1.14519.5.2.1.6279.6001.302876782304722412779805665588,LIDC-IDRI-0993,126,-1425.5,-1050.5,3.0,True,True,0.582,0.582,3.0,512,512,True,True,True,True
1.3.6.1.4.1.14519.5.2.1.6279.6001.303066851236267189733420290986,LIDC-IDRI-0883,368,-423.0,-56.0,1.0,True,True,0.66015625,0.66015625,2.0,512,512,True,True,True,True
1.3.6.1.4.1.14519.5.2.1.6279.6001.303421828981831854739626597495,LIDC-IDRI-0467,300,1444.5,1743.5,1.0,True,True,0.744140625,0.744140625,1.0,512,512,True,True,True,True
1.3.6.1.4.1.14519.5.2.1.6279.6001.303494235102183795724852353824,LIDC-IDRI-0078,87,1403.5,1661.5,3.0,True,True,0.65,0.65,3.0,512,512,True,True,True,True
1.3.6.1.4.1.14519.5.2.1.6279.6001.303865116731361029078599241306,LIDC-IDRI-0329,122,-332.5,-30.0,2.5,True,True,0.523438,0.523438,2.5,512,512,True,True,True,True
1.3.6.1.4.1.14519.5.2.1.6279.6001.304676828064484590312919543151,LIDC-IDRI-0975,273,-347.5,-7.5,1.25,True,True,0.703125,0.703125,1.25,512,512,True,True,True,True
1.3.6.1.4.1.14519.5.2.1.6279.6001.304700823314998198591652152637,LIDC-IDRI-0809,198,-395.1,-40.5,1.8000000000000114,True,True,0.6640625,0.6640625,2.0,512,512,True,True,True,True
1.3.6.1.4.1.14519.5.2.1.6279.6001.305000574633573438189782624063,LIDC-IDRI-0750,115,1367.5,1709.5,3.0,True,True,0.729,0.729,3.0,512,512,True,True,True,True
1.3.6.1.4.1.14519.5.2.1.6279.6001.305858704835252413616501469037,LIDC-IDRI-0409,290,-422.5,-133.5,1.0,True,True,0.681640625,0.681640625,2.0,512,512,True,True,True,True
1.3.6.1.4.1.14519.5.2.1.6279.6001.305887072264491016857673607285,LIDC-IDRI-0915,267,-358.190002,-25.690001,1.25,True,True,0.703125,0.703125,1.25,512,512,True,True,True,True
1.3.6.1.4.1.14519.5.2.1.6279.6001.306112617218006614029386065035,LIDC-IDRI-0738,140,-365.0,-17.5,2.5,True,True,0.732422,0.732422,2.5,512,512,True,True,True,True
1.3.6.1.4.1.14519.5.2.1.6279.6001.306140003699110313373771452136,LIDC-IDRI-0364,121,-397.059998,-97.059998,2.5,True,True,0.724609,0.724609,2.5,512,512,True,True,True,True
1.3.6.1.4.1.14519.5.2.1.6279.6001.306520140119968755187868602181,LIDC-IDRI-0593,112,-217.929993,4.07,2.0,True,True,0.585938,0.585938,2.5,512,512,True,True,True,True
1.3.6.1.4.1.14519.5.2.1.6279.6001.306558074682524259000586270818,LIDC-IDRI-0397,465,-265.795013,24.205,0.625,True,True,0.585938,0.585938,1.25,512,512,True,True,True,True
1.3.6.1.4.1.14519.5.2.1.6279.6001.306788423710427765311352901943,LIDC-IDRI-0554,300,-270.5,28.5,1.0,True,True,0.60546875,0.60546875,1.0,512,512,True,True,True,True
1.3.6.1.4.1.14519.5.2.1.6279.6001.306948744223170422945185006551,LIDC-IDRI-0190,127,-332.25,-17.25,2.5,True,True,0.703125,0.703125,2.5,512,512,True,True,True,True
1.3.6.1.4.1.14519.5.2.1.6279.6001.307835307280028057486413359377,LIDC-IDRI-0251,133,-325.5,4.5,2.5,True,True,0.820312,0.820312,2.5,512,512,True,True,True,True
1.3.6.1.4.1.14519.5.2.1.6279.6001.307921770358136677021532761235,LIDC-IDRI-0455,224,-330.5,-51.75,1.25,True,True,0.703125,0.703125,1.25,512,512,True,True,True,True
1.3.6.1.4.1.14519.5.2.1.6279.6001.307946352302138765071461362398,LIDC-IDRI-0239,153,-416.5,-36.5,2.5,True,True,0.742188,0.742188,2.5,512,512,True,True,True,True
1.3.6.1.4.1.14519.5.2.1.6279.6001.308153138776443962077214577161,LIDC-IDRI-0765,127,-327.369995,-12.37,2.5,True,True,0.585938,0.585938,2.5,512,512,True,True,True,True
1.3.6.1.4.1.14519.5.2.1.6279.6001.308183340111270052562662456038,LIDC-IDRI-0977,115,-300.950012,-15.95,2.5,True,True,0.585938,0.585938,2.5,512,512,True,True,True,True
1.3.6.1.4.1.14519.5.2.1.6279.6001.308655308958459380153492314021,LIDC-IDRI-0674,375,-386.6,-12.6,1.0,True,True,0.5859375,0.5859375,1.0,512,512,True,True,True,True
1.3.6.1.4.1.14519.5.2.1.6279.6001.309564220265302089123180126785,LIDC-IDRI-0983,90,663.0,930.0,3.0,True,True,0.579,0.579,3.0,512,512,True,True,True,True
1.3.6.1.4.1.14519.5.2.1.6279.6001.309672797925724868457151381131,LIDC-IDRI-0825,301,-314.0,-14.0,1.0,True,True,0.546875,0.546875,1.0,512,512,True,True,True,True
1.3.6.1.4.1.14519.5.2.1.6279.6001.309707676674808510671394142910,LIDC-IDRI-0709,100,1347.0,1644.0,3.0,True,True,0.54,0.54,3.0,512,512,True,True,True,True
1.3.6.1.4.1.14519.5.2.1.6279.6001.309901913847714156367981722205,LIDC-IDRI-0219,133,-328.25,1.75,2.5,True,True,0.703125,0.703125,2.5,512,512,True,True,True,True
1.3.6.1.4.1.14519.5.2.1.6279.6001.309955814083231537823157605135,LIDC-IDRI-0931,201,-419.0,-59.0,1.8000000000000114,True,True,0.7421875,0.7421875,2.0,512,512,True,True,True,True
1.3.6.1.4.1.14519.5.2.1.6279.6001.309955999522338651429118207446,LIDC-IDRI-0858,417,-250.005005,9.995,0.625,True,True,0.703125,0.703125,1.25,512,512,True,True,True,True
1.3.6.1.4.1.14519.5.2.1.6279.6001.310395752124284049604069960014,LIDC-IDRI-0208,109,-250.0,20.0,2.5,True,True,0.664062,0.664062,2.5,512,512,True,True,True,True
1.3.6.1.4.1.14519.5.2.1.6279.6001.310548927038333190233889983845,LIDC-IDRI-0096,127,-337.25,-22.25,2.5,True,True,0.703125,0.703125,2.5,512,512,True,True,True,True
1.3.6.1.4.1.14519.5.2.1.6279.6001.310626494937915759224334597176,LIDC-IDRI-0755,127,-318.329987,-3.33,2.5,True,True,0.585938,0.585938,2.5,512,512,True,True,True,True
1.3.6.1.4.1.14519.5.2.1.6279.6001.311102747717834916358933873912,LIDC-IDRI-0110,125,-435.0,-63.0,3.0,True,True,0.73046875,0.73046875,3.0,512,512,True,True,True,True
1.3.6.1.4.1.14519.5.2.1.6279.6001.311236942972970815890902714604,LIDC-IDRI-0646,461,-561.0,-239.0,0.6999999999999886,True,True,0.640625,0.640625,0.75,512,512,True,True,True,True
1.3.6.1.4.1.14519.5.2.1.6279.6001.311476128731958142981941696518,LIDC-IDRI-0556,280,-708.599976,-429.600006,1.0,True,True,0.8046875,0.8046875,2.0,512,512,True,True,True,True
1.3.6.1.4.1.14519.5.2.1.6279.6001.311981398931043315779172047718,LIDC-IDRI-0214,151,-396.0,-21.0,2.5,True,True,0.859375,0.859375,2.5,512,512,True,True,True,True
1.3.6.1.4.1.14519.5.2.1.6279.6001.312127933722985204808706697221,LIDC-IDRI-0415,205,-307.25,-52.25,1.25,True,True,0.605469,0.605469,1.25,512,512,False,True,True,True
1.3.6.1.4.1.14519.5.2.1.6279.6001.312704771348460502013249647868,LIDC-IDRI-0215,249,-306.75,3.25,1.25,True,True,0.804688,0.804688,1.25,512,512,True,True,True,True
1.3.6.1.4.1.14519.5.2.1.6279.6001.313283554967554803238484128406,LIDC-IDRI-0217,135,-371.5,-36.5,2.5,True,True,0.78125,0.78125,2.5,512,512,True,True,True,True
1.3.6.1.4.1.14519.5.2.1.6279.6001.313334055029671473836954456733,LIDC-IDRI-0112,123,-349.5,-44.5,2.5,True,True,0.703125,0.703125,2.5,512,512,True,True,True,True
1.3.6.1.4.1.14519.5.2.1.6279.6001.313605260055394498989743099991,LIDC-IDRI-0578,129,-334.5,-14.5,2.5,True,True,0.78125,0.78125,2.5,512,512,True,True,True,True
1.3.6.1.4.1.14519.5.2.1.6279.6001.313756547848086902190878548835,LIDC-IDRI-0758,481,-340.720001,-40.720001,0.625,True,True,0.703125,0.703125,1.25,512,512,True,True,True,True
1.3.6.1.4.1.14519.5.2.1.6279.6001.313835996725364342034830119490,LIDC-IDRI-0939,465,-279.095001,10.905,0.625,True,True,0.703125,0.703125,1.25,512,512,True,True,True,True
1.3.6.1.4.1.14519.5.2.1.6279.6001.314519596680450457855054746285,LIDC-IDRI-0425,190,-360.7,-20.5,1.8000000000000114,True,True,0.625,0.625,2.0,512,512,True,True,True,True
1.3.6.1.4.1.14519.5.2.1.6279.6001.314789075871001236641548593165,LIDC-IDRI-0505,181,-349.0,-25.0,1.8000000000000114,True,True,0.72265625,0.72265625,2.0,512,512,True,True,True,True
1.3.6.1.4.1.14519.5.2.1.6279.6001.314836406260772370397541392345,LIDC-IDRI-0143,133,-363.744995,-33.744999,2.5,True,True,0.664062,0.664062,2.5,512,512,True,True,True,True
1.3.6.1.4.1.14519.5.2.1.6279.6001.314917368146772872954571551463,LIDC-IDRI-0957,65,-399.0,-79.0,5.0,True,True,0.7734375,0.7734375,5.0,512,512,True,True,True,True
1.3.6.1.4.1.14519.5.2.1.6279.6001.315187221221054114974341475212,LIDC-IDRI-0335,300,-803.900024,-504.900024,1.0,True,True,0.71484375,0.71484375,2.0,512,512,True,True,True,True
1.3.6.1.4.1.14519.5.2.1.6279.6001.315214756157389122376518747372,LIDC-IDRI-0020,225,-280.0,0.0,1.25,True,True,0.828125,0.828125,1.25,512,512,True,True,True,True
1.3.6.1.4.1.14519.5.2.1.6279.6001.315770913282450940389971401304,LIDC-IDRI-0928,230,-290.059998,-3.81,1.25,True,True,0.605469,0.605469,1.25,512,512,True,True,True,True
1.3.6.1.4.1.14519.5.2.1.6279.6001.315918264676377418120578391325,LIDC-IDRI-0275,144,-414.5,-57.0,2.5,True,True,0.742188,0.742188,2.5,512,512,True,True,True,True
1.3.6.1.4.1.14519.5.2.1.6279.6001.316393351033132458296975008261,LIDC-IDRI-0125,238,-297.75,-1.5,1.25,True,True,0.898438,0.898438,1.25,512,512,True,True,True,True
1.3.6.1.4.1.14519.5.2.1.6279.6001.316643107252485100789257057503,LIDC-IDRI-0855,118,-424.5,-73.5,3.0,True,True,0.70703125,0.70703125,3.0,512,512,True,True,True,True
1.3.6.1.4.1.14519.5.2.1.6279.6001.316900421002460665752357657094,LIDC-IDRI-0332,181,-339.584991,20.415001,2.0,True,True,0.644531,0.644531,2.5,512,512,True,True,True,True
1.3.6.1.4.1.14519.5.2.1.6279.6001.316911475886263032009840828684,LIDC-IDRI-0304,206,-401.0,-32.0,1.8000000000000114,True,True,0.703125,0.703125,2.0,512,512,True,True,True,True
1.3.6.1.4.1.14519.5.2.1.6279.6001.317087518531899043292346860596,LIDC-IDRI-0940,474,-251.514999,44.110001,0.625,True,True,0.625,0.625,1.25,512,512,True,True,True,True
1.3.6.1.4.1.14519.5.2.1.6279.6001.317613170669207528926259976488,LIDC-IDRI-0664,519,-305.704987,18.045,0.625,True,True,0.644531,0.644531,1.25,512,512,True,True,True,True
1.3.6.1.4.1.14519.5.2.1.6279.6001.319009811633846643966578282371,LIDC-IDRI-0482,125,-355.209991,-45.209999,2.5,True,True,0.609375,0.609375,2.5,512,512,True,True,True,True
1.3.6.1.4.1.14519.5.2.1.6279.6001.319066480138812986026181758474,LIDC-IDRI-0458,220,-307.649994,-33.900002,1.25,True,True,0.597656,0.597656,1.25,512,512,True,True,True,True
1.3.6.1.4.1.14519.5.2.1.6279.6001.320111824803959660037459294083,LIDC-IDRI-0245,116,-284.25,3.25,2.5,True,True,0.703125,0.703125,2.5,512,512,True,True,True,True
1.3.6.1.4.1.14519.5.2.1.6279.6001.320967206808467952819309001585,LIDC-IDRI-0165,133,-355.25,-25.25,2.5,True,True,0.703125,0.703125,2.5,512,512,True,True,True,True
1.3.6.1.4.1.14519.5.2.1.6279.6001.321465552859463184018938648244,LIDC-IDRI-0451,180,-366.2,-44.0,1.8000000000000114,True,True,0.68359375,0.68359375,2.0,512,512,True,True,True,True
1.3.6.1.4.1.14519.5.2.1.6279.6001.321935195060268166151738328001,LIDC-IDRI-0249,214,-290.75,-24.5,1.25,True,True,0.820312,0.820312,1.25,512,512,True,True,True,True
1.3.6.1.4.1.14519.5.2.1.6279.6001.322682676064999314374885526223,LIDC-IDRI-0315,117,1367.0,1715.0,3.0,True,True,0.789,0.789,3.0,512,512,True,True,True,True
1.3.6.1.4.1.14519.5.2.1.6279.6001.323132750133803288886848693067,LIDC-IDRI-0577,134,-450.0,-51.0,3.0,True,True,0.71484375,0.71484375,3.0,512,512,True,True,True,True
1.3.6.1.4.1.14519.5.2.1.6279.6001.323302986710576400812869264321,LIDC-IDRI-0795,157,-275.839996,36.16,2.0,True,True,0.703125,0.703125,2.5,512,512,True,True,True,True
1.3.6.1.4.1.14519.5.2.1.6279.6001.323408652979949774528873200770,LIDC-IDRI-0058,133,-367.0,-37.0,2.5,True,True,0.703125,0.703125,2.5,512,512,True,True,True,True
1.3.6.1.4.1.14519.5.2.1.6279.6001.323426705628838942177546503237,LIDC-IDRI-0729,341,-378.0,-38.0,1.0,True,True,0.7421875,0.7421875,1.0,512,512,True,True,True,True
1.3.6.1.4.1.14519.5.2.1.6279.6001.323535944958374186208096541480,LIDC-IDRI-0799,246,-319.5,-13.25,1.25,True,True,0.585938,0.585938,1.25,512,512,True,True,True,True
1.3.6.1.4.1.14519.5.2.1.6279.6001.323541312620128092852212458228,LIDC-IDRI-0004,241,-325.0,-25.0,1.25,True,True,0.822266,0.822266,1.25,512,512,True,True,True,True
1.3.6.1.4.1.14519.5.2.1.6279.6001.323646598927268841433920119813,LIDC-IDRI-0910,118,-1275.0,-924.0,3.0,True,True,0.665,0.665,3.0,512,512,True,True,True,True
1.3.6.1.4.1.14519.5.2.1.6279.6001.323753921818102744511069914832,LIDC-IDRI-0340,421,-312.705017,-50.205002,0.625,True,True,0.703125,0.703125,1.25,512,512,True,True,True,True
1.3.6.1.4.1.14519.5.2.1.6279.6001.323859712968543712594665815359,LIDC-IDRI-0596,267,-345.345001,-12.845,1.25,True,True,0.595703,0.595703,1.25,512,512,True,True,True,True
1.3.6.1.4.1.14519.5.2.1.6279.6001.323899724653546164058849558431,LIDC-IDRI-0430,429,-279.315002,-11.815,0.625,True,True,0.703125,0.703125,1.25,512,512,True,True,True,True
1.3.6.1.4.1.14519.5.2.1.6279.6001.324290109423920971676288828329,LIDC-IDRI-0300,383,-381.5,0.5,1.0,True,True,0.6640625,0.6640625,1.0,512,512,True,True,True,True
1.3.6.1.4.1.14519.5.2.1.6279.6001.324567010179873305471925391582,LIDC-IDRI-0206,301,-430.75,-55.75,1.25,True,True,0.751953,0.751953,1.25,512,512,True,True,True,True
1.3.6.1.4.1.14519.5.2.1.6279.6001.324649110927013926557500550446,LIDC-IDRI-0446,276,-349.394989,-5.645,1.25,True,True,0.755859,0.755859,1.25,512,512,True,True,True,True
1.3.6.1.4.1.14519.5.2.1.6279.6001.325164338773720548739146851679,LIDC-IDRI-0837,490,-333.625,-28.0,0.625,True,True,0.546875,0.546875,1.25,512,512,True,True,True,True
1.3.6.1.4.1.14519.5.2.1.6279.6001.325580698241281352835338693869,LIDC-IDRI-0666,145,-254.214996,33.785,2.0,True,True,0.625,0.625,2.5,512,512,True,True,True,True
1.3.6.1.4.1.14519.5.2.1.6279.6001.326057189095429101398977448288,LIDC-IDRI-0298,326,-366.6,-41.6,1.0,True,True,0.64453125,0.64453125,1.0,512,512,True,True,True,True
1.3.6.1.4.1.14519.5.2.1.6279.6001.326084450802794941185111945926,LIDC-IDRI-0368,111,1379.0,1709.0,3.0,True,True,0.714,0.714,3.0,512,512,True,True,True,True
1.3.6.1.4.1.14519.5.2.1.6279.6001.326458819737931581200925000717,LIDC-IDRI-0724,122,1183.5,1546.5,3.0,True,True,0.586,0.586,3.0,512,512,True,True,True,True
1.3.6.1.4.1.14519.5.2.1.6279.6001.326853837126361167310734933887,LIDC-IDRI-0691,116,-371.0,-26.0,3.0,True,True,0.599609375,0.599609375,3.0,512,512,True,True,True,True
1.3.6.1.4.1.14519.5.2.1.6279.6001.328695385904874796172316226975,LIDC-IDRI-0920,487,-295.980011,7.77,0.625,True,True,0.585938,0.585938,1.25,512,512,True,True,True,True
1.3.6.1.4.1.14519.5.2.1.6279.6001.328789598898469177563438457842,LIDC-IDRI-0012,128,-355.25,-37.75,2.5,True,True,0.742188,0.742188,2.5,512,512,True,True,True,True
1.3.6.1.4.1.14519.5.2.1.6279.6001.328944769569002417592093467626,LIDC-IDRI-0230,113,-279.5,0.5,2.5,True,True,0.703125,0.703125,2.5,512,512,True,True,True,True
1.3.6.1.4.1.14519.5.2.1.6279.6001.329326052298830421573852261436,LIDC-IDRI-0680,116,-326.51001,-39.009998,2.5,True,True,0.605469,0.605469,2.5,512,512,True,True,True,True
1.3.6.1.4.1.14519.5.2.1.6279.6001.329334252028672866365623335798,LIDC-IDRI-0672,462,-284.274994,5.725,0.625,True,False,0.742188,0.742188,1.25,512,512,True,True,True,True
1.3.6.1.4.1.14519.5.2.1.6279.6001.329404588567903628160652715124,LIDC-IDRI-0203,147,-380.75,-15.75,2.5,True,True,0.78125,0.78125,2.5,512,512,True,True,True,True
1.3.6.1.4.1.14519.5.2.1.6279.6001.329624439086643515259182406526,LIDC-IDRI-0882,267,-357.720001,-25.219999,1.25,True,True,0.751953,0.751953,1.25,512,512,True,True,True,True
1.3.6.1.4.1.14519.5.2.1.6279.6001.330043769832606379655473292782,LIDC-IDRI-0540,326,-351.0,-26.0,1.0,True,True,0.5859375,0.5859375,1.0,512,512,True,True,True,True
1.3.6.1.4.1.14519.5.2.1.6279.6001.330425234131526435132846006585,LIDC-IDRI-0019,305,-385.0,-5.0,1.25,True,True,0.806641,0.806641,1.25,512,512,True,True,True,True
1.3.6.1.4.1.14519.5.2.1.6279.6001.330544495001617450666819906758,LIDC-IDRI-0252,148,-404.0,-36.5,2.5,True,True,0.859375,0.859375,2.5,512,512,True,True,True,True
1.3.6.1.4.1.14519.5.2.1.6279.6001.330643702676971528301859647742,LIDC-IDRI-0802,256,-359.0,-40.25,1.25,True,True,0.703125,0.703125,1.25,512,512,True,True,True,True
1.3.6.1.4.1.14519.5.2.1.6279.6001.331079701650130000691651987949,LIDC-IDRI-0572,448,-228.770004,49.98,0.625,False,False,0.664062,0.664062,1.25,512,512,True,True,True,True
1.3.6.1.4.1.14519.5.2.1.6279.6001.331136451298749863730308327406,LIDC-IDRI-0421,115,1245.5,1587.5,3.0,True,True,0.782,0.782,3.0,512,512,True,True,True,True
1.3.6.1.4.1.14519.5.2.1.6279.6001.331211682377519763144559212009,LIDC-IDRI-0952,133,-340.0,-10.0,2.5,True,True,0.566406,0.566406,2.5,512,512,True,True,True,True
1.3.6.1.4.1.14519.5.2.1.6279.6001.332453873575389860371315979768,LIDC-IDRI-0767,204,-473.4,-108.0,1.8000000000000114,True,True,0.64453125,0.64453125,2.0,512,512,True,True,True,True
1.3.6.1.4.1.14519.5.2.1.6279.6001.332510758903897288735539953182,LIDC-IDRI-1008,115,1280.5,1622.5,3.0,True,True,0.72,0.72,3.0,512,512,True,True,True,True
1.3.6.1.4.1.14519.5.2.1.6279.6001.332829333783605240302521201463,LIDC-IDRI-0039,281,-330.0,20.0,1.25,True,True,0.816406,0.816406,1.25,512,512,True,True,True,True
1.3.6.1.4.1.14519.5.2.1.6279.6001.333145094436144085379032922488,LIDC-IDRI-0145,139,-382.5,-37.5,2.5,True,True,0.78125,0.78125,2.5,512,512,True,True,True,True
1.3.6.1.4.1.14519.5.2.1.6279.6001.333319057944372470283038483725,LIDC-IDRI-0954,242,-304.0,-2.75,1.25,True,True,0.787109,0.787109,1.25,512,512,True,True,True,True
1.3.6.1.4.1.14519.5.2.1.6279.6001.334022941831199910030220864961,LIDC-IDRI-0932,199,737.6,1094.0,1.7999999999999545,True,True,0.76171875,0.76171875,2.0,512,512,True,True,True,True
1.3.6.1.4.1.14519.5.2.1.6279.6001.334105754605642100456249422350,LIDC-IDRI-0914,261,-342.5,-17.5,1.25,True,True,0.585938,0.585938,1.25,512,512,True,True,True,True
1.3.6.1.4.1.14519.5.2.1.6279.6001.334166493392278943610545989413,LIDC-IDRI-0324,229,-483.4,-73.0,1.8000000000000114,True,True,0.703125,0.703125,2.0,512,512,True,True,True,True
1.3.6.1.4.1.14519.5.2.1.6279.6001.334184846571549530235084187602,LIDC-IDRI-0391,139,-380.119995,-35.119999,2.5,True,True,0.78125,0.78125,2.5,512,512,True,True,True,True
1.3.6.1.4.1.14519.5.2.1.6279.6001.334517907433161353885866806005,LIDC-IDRI-0608,280,-593.900024,-314.899994,1.0,True,True,0.67578125,0.67578125,2.0,512,512,True,True,True,True
1.3.6.1.4.1.14519.5.2.1.6279.6001.335799017122466251265955525941,LIDC-IDRI-0442,107,8.0,326.0,3.0,True,True,0.5859375,0.5859375,3.0,512,512,True,True,True,True
1.3.6.1.4.1.14519.5.2.1.6279.6001.335866409407244673864352309754,LIDC-IDRI-0444,260,-266.0,-7.0,1.0,True,True,0.625,0.625,1.0,512,512,True,True,True,True
1.3.6.1.4.1.14519.5.2.1.6279.6001.336102335330125765000317290445,LIDC-IDRI-0971,255,-350.329987,-32.830002,1.25,True,True,0.652344,0.652344,1.25,512,512,True,True,True,True
1.3.6.1.4.1.14519.5.2.1.6279.6001.336198008634390022174744544656,LIDC-IDRI-0167,133,-360.5,-30.5,2.5,True,True,0.664062,0.664062,2.5,512,512,True,True,True,True
1.3.6.1.4.1.14519.5.2.1.6279.6001.336225579776978874775723463327,LIDC-IDRI-0113,145,-375.75,-15.75,2.5,True,True,0.820312,0.820312,2.5,512,512,True,True,True,True
1.3.6.1.4.1.14519.5.2.1.6279.6001.336894364358709782463716339027,LIDC-IDRI-0727,519,-349.75,-26.0,0.625,True,True,0.703125,0.703125,1.25,512,512,True,True,True,True
1.3.6.1.4.1.14519.5.2.1.6279.6001.337005960787660957389988207064,LIDC-IDRI-0991,261,-344.029999,-19.030001,1.25,True,True,0.703125,0.703125,1.25,512,512,True,True,True,True
1.3.6.1.4.1.14519.5.2.1.6279.6001.337845202462615014431060697507,LIDC-IDRI-0228,127,-351.0,-36.0,2.5,True,True,0.703125,0.703125,2.5,512,512,True,True,True,True
1.3.6.1.4.1.14519.5.2.1.6279.6001.338104567770715523699587505022,LIDC-IDRI-0406,513,-318.575012,1.425,0.625,True,True,0.585938,0.585938,1.25,512,512,True,True,True,True
1.3.6.1.4.1.14519.5.2.1.6279.6001.338114620394879648539943280992,LIDC-IDRI-0047,133,-377.5,-47.5,2.5,True,True,0.78125,0.78125,2.5,512,512,True,True,True,True
1.3.6.1.4.1.14519.5.2.1.6279.6001.338447145504282422142824032832,LIDC-IDRI-0034,265,-330.0,0.0,1.25,True,True,0.669922,0.669922,1.25,512,512,True,True,True,True
1.3.6.1.4.1.14519.5.2.1.6279.6001.338875090785618956575597613546,LIDC-IDRI-0916,127,-342.619995,-27.620001,2.5,True,True,0.664062,0.664062,2.5,512,512,True,True,True,True
1.3.6.1.4.1.14519.5.2.1.6279.6001.339039410276356623209709113755,LIDC-IDRI-0538,489,-405.5,-63.9,0.6999999999999886,True,True,0.56640625,0.56640625,0.75,512,512,True,True,True,True
1.3.6.1.4.1.14519.5.2.1.6279.6001.339142594937666268384335506819,LIDC-IDRI-0175,131,-333.25,-8.25,2.5,True,True,0.703125,0.703125,2.5,512,512,True,True,True,True
1.3.6.1.4.1.14519.5.2.1.6279.6001.339484970190920330170416228517,LIDC-IDRI-0632,130,-354.640015,-32.139999,2.5,True,True,0.673828,0.673828,2.5,512,512,True,True,True,True
1.3.6.1.4.1.14519.5.2.1.6279.6001.339546614783708685476232944897,LIDC-IDRI-0074,109,-295.5,-25.5,2.5,True,True,0.703125,0.703125,2.5,512,512,True,True,True,True
1.3.6.1.4.1.14519.5.2.1.6279.6001.339882192295517122002429068974,LIDC-IDRI-0990,300,560.400024,859.400024,1.0,True,True,0.630859375,0.630859375,2.0,512,512,True,True,True,True
1.3.6.1.4.1.14519.5.2.1.6279.6001.340012777775661021262977442176,LIDC-IDRI-0290,133,-387.25,-57.25,2.5,True,True,0.703125,0.703125,2.5,512,512,True,True,True,True
1.3.6.1.4.1.14519.5.2.1.6279.6001.340158437895922179455019686521,LIDC-IDRI-0836,171,-310.0,-4.0,1.8000000000000007,True,True,0.546875,0.546875,2.0,512,512,True,True,True,True
1.3.6.1.4.1.14519.5.2.1.6279.6001.340202188094259402036602717327,LIDC-IDRI-0101,150,-460.0,-13.0,3.0,True,True,0.626953125,0.626953125,3.0,512,512,True,True,True,True
1.3.6.1.4.1.14519.5.2.1.6279.6001.341557859428950960906150406596,LIDC-IDRI-0266,238,-342.890015,-46.640015,1.25,True,True,0.664062,0.664062,1.25,512,512,True,True,True,True
1.3.6.1.4.1.14519.5.2.1.6279.6001.346115813056769250958550383763,LIDC-IDRI-0424,308,-319.5,-12.5,1.0,True,True,0.5859375,0.5859375,1.0,512,512,True,True,True,True
1.3.6.1.4.1.14519.5.2.1.6279.6001.362762275895885013176610377950,LIDC-IDRI-0460,477,-304.25,-6.75,0.625,True,True,0.703125,0.703125,1.25,512,512,True,True,True,True
1.3.6.1.4.1.14519.5.2.1.6279.6001.367204840301639918160517361062,LIDC-IDRI-0177,133,-327.25,2.75,2.5,True,True,0.703125,0.703125,2.5,512,512,True,True,True,True
1.3.6.1.4.1.14519.5.2.1.6279.6001.373433682859788429397781158572,LIDC-IDRI-0512,132,-337.5,-10.0,2.5,True,True,0.664062,0.664062,2.5,512,512,True,True,True,True
1.3.6.1.4.1.14519.5.2.1.6279.6001.385151742584074711135621089321,LIDC-IDRI-0675,170,-324.200012,13.8,2.0,True,True,0.742188,0.742188,2.5,512,512,True,True,True,True
1.3.6.1.4.1.14519.5.2.1.6279.6001.387954549120924524005910602207,LIDC-IDRI-0345,298,-296.1,0.9,1.0,True,True,0.546875,0.546875,1.0,512,512,True,True,True,True
1.3.6.1.4.1.14519.5.2.1.6279.6001.390009458146468860187238398197,LIDC-IDRI-0774,264,-328.75,0.0,1.25,True,True,0.664062,0.664062,1.25,512,512,True,True,True,True
1.3.6.1.4.1.14519.5.2.1.6279.6001.390513733720659266816639651938,LIDC-IDRI-0820,236,-304.5,-10.75,1.25,True,True,0.703125,0.703125,1.25,512,512,True,True,True,True
1.3.6.1.4.1.14519.5.2.1.6279.6001.392861216720727557882279374324,LIDC-IDRI-0429,436,-266.625,5.25,0.625,True,True,0.703125,0.703125,1.25,512,512,True,True,True,True
1.3.6.1.4.1.14519.5.2.1.6279.6001.394470743585708729682444806008,LIDC-IDRI-0445,327,-357.0,-31.0,1.0,True,True,0.546875,0.546875,1.0,512,512,True,True,True,True
1.3.6.1.4.1.14519.5.2.1.6279.6001.395623571499047043765181005112,LIDC-IDRI-0287,109,-280.0,-10.0,2.5,True,True,0.78125,0.78125,2.5,512,512,True,True,True,True
1.3.6.1.4.1.14519.5.2.1.6279.6001.397062004302272014259317520874,LIDC-IDRI-1006,325,-838.099976,-514.099976,1.0,True,True,0.78125,0.78125,1.0,512,512,True,True,True,True
1.3.6.1.4.1.14519.5.2.1.6279.6001.397202838387416555106806022938,LIDC-IDRI-0176,214,-275.0,-8.75,1.25,True,True,0.703125,0.703125,1.25,512,512,True,True,True,True
1.3.6.1.4.1.14519.5.2.1.6279.6001.397522780537301776672854630421,LIDC-IDRI-0651,580,-275.550018,-15.0,0.45001199999998676,True,True,0.60546875,0.60546875,0.9,512,512,True,True,True,True
1.3.6.1.4.1.14519.5.2.1.6279.6001.398955972049286139436103068984,LIDC-IDRI-0330,107,-280.0,-15.0,2.5,True,True,0.53125,0.53125,2.5,512,512,True,True,True,True
1.3.6.1.4.1.14519.5.2.1.6279.6001.400871509992541458184881866614,LIDC-IDRI-0150,102,1402.0,1705.0,3.0,True,True,0.647,0.647,3.0,512,512,True,True,True,True
1.3.6.1.4.1.14519.5.2.1.6279.6001.401389720232123950202941034290,LIDC-IDRI-0857,381,-276.399994,-38.900002,0.625,True,True,0.625,0.625,1.25,512,512,True,True,True,True
1.3.6.1.4.1.14519.5.2.1.6279.6001.404303213662391867606219459686,LIDC-IDRI-0435,104,6.0,315.0,3.0,True,True,0.53125,0.53125,3.0,512,512,True,True,True,True
1.3.6.1.4.1.14519.5.2.1.6279.6001.404364125369979066736354549484,LIDC-IDRI-0692,176,-327.5,-12.5,1.8000000000000043,True,True,0.5859375,0.5859375,2.0,512,512,True,True,True,True
1.3.6.1.4.1.14519.5.2.1.6279.6001.404457313935200882843898832756,LIDC-IDRI-0579,176,-361.0,-46.0,1.8000000000000114,True,True,0.7421875,0.7421875,2.0,512,512,True,True,True,True
1.3.6.1.4.1.14519.5.2.1.6279.6001.404768898286087278137462774930,LIDC-IDRI-0508,250,-666.599976,-417.600006,1.0,True,True,0.833984375,0.833984375,2.0,512,512,True,True,True,True
1.3.6.1.4.1.14519.5.2.1.6279.6001.406508755509460310384282367044,LIDC-IDRI-0315,122,-392.5,-29.5,3.0,True,True,0.802734375,0.802734375,3.0,512,512,True,True,True,True
1.3.6.1.4.1.14519.5.2.1.6279.6001.410251741986998833890312367579,LIDC-IDRI-0146,310,-362.5,22.5,1.25,False,False,0.917969,0.917969,1.25,512,512,True,True,True,True
1.3.6.1.4.1.14519.5.2.1.6279.6001.413896555982844732694353377538,LIDC-IDRI-0966,154,-298.579987,7.42,2.0,True,True,0.683594,0.683594,2.5,512,512,True,True,True,True
1.3.6.1.4.1.14519.5.2.1.6279.6001.414288023902112119945238126594,LIDC-IDRI-0422,258,-367.75,-46.5,1.25,True,True,0.703125,0.703125,1.25,512,512,False,True,True,True
1.3.6.1.4.1.14519.5.2.1.6279.6001.416701701108520592702405866796,LIDC-IDRI-0010,277,-335.0,10.0,1.25,True,True,0.878906,0.878906,1.25,512,512,True,True,True,True
1.3.6.1.4.1.14519.5.2.1.6279.6001.417815314896088956784723476543,LIDC-IDRI-0735,280,-800.299988,-521.299988,1.0,True,True,0.578125,0.578125,1.0,512,512,True,True,True,True
1.3.6.1.4.1.14519.5.2.1.6279.6001.419601611032172899567156073142,LIDC-IDRI-0803,254,-343.369995,-27.120001,1.25,True,True,0.658203,0.658203,1.25,512,512,True,True,True,True
1.3.6.1.4.1.14519.5.2.1.6279.6001.428038562098395445838061018440,LIDC-IDRI-0297,539,1014.5,1391.1,0.7000000000000455,True,True,0.55078125,0.55078125,0.75,512,512,True,True,True,True
1.3.6.1.4.1.14519.5.2.1.6279.6001.430109407146633213496148200410,LIDC-IDRI-0066,733,-441.0,-75.0,0.5,True,True,0.63671875,0.63671875,0.6,512,512,True,True,True,True
1.3.6.1.4.1.14519.5.2.1.6279.6001.436403998650924660479049012235,LIDC-IDRI-0157,133,-315.5,14.5,2.5,True,True,0.820312,0.820312,2.5,512,512,True,True,True,True
1.3.6.1.4.1.14519.5.2.1.6279.6001.438308540025607517017949816111,LIDC-IDRI-0237,142,-364.5,-12.0,2.5,True,True,0.820312,0.820312,2.5,512,512,True,True,True,True
1.3.6.1.4.1.14519.5.2.1.6279.6001.439153572396640163898529626096,LIDC-IDRI-0318,441,-348.5,-40.5,0.6999999999999886,True,True,0.51953125,0.51953125,0.75,512,512,True,True,True,True
1.3.6.1.4.1.14519.5.2.1.6279.6001.440226700369921575481834344455,LIDC-IDRI-0362,187,-348.8,-14.0,1.8000000000000043,True,True,0.703125,0.703125,2.0,512,512,True,True,True,True
1.3.6.1.4.1.14519.5.2.1.6279.6001.443400977949406454649939526179,LIDC-IDRI-0492,310,-435.999969,-127.0,1.0,True,True,0.642578125,0.642578125,1.0,512,512,True,True,True,True
1.3.6.1.4.1.14519.5.2.1.6279.6001.447468612991222399440694673357,LIDC-IDRI-0560,124,-328.200012,-20.700001,2.5,True,True,0.644531,0.644531,2.5,512,512,True,True,True,True
1.3.6.1.4.1.14519.5.2.1.6279.6001.449254134266555649028108149727,LIDC-IDRI-0683,138,-350.0,-7.5,2.5,True,True,0.625,0.625,2.5,512,512,True,True,True,True
1.3.6.1.4.1.14519.5.2.1.6279.6001.449780571702869645673186059985,LIDC-IDRI-0360,278,-932.5,-655.5,1.0,True,True,0.9765625,0.9765625,3.0,512,512,True,True,True,True
1.3.6.1.4.1.14519.5.2.1.6279.6001.450501966058662668272378865145,LIDC-IDRI-0800,129,-42.5,277.5,2.5,True,True,0.644531,0.644531,2.5,512,512,True,True,True,True
1.3.6.1.4.1.14519.5.2.1.6279.6001.453946099750629491201946672998,LIDC-IDRI-0151,111,-362.5,-32.5,3.0,True,True,0.57421875,0.57421875,3.0,512,512,True,True,True,True
1.3.6.1.4.1.14519.5.2.1.6279.6001.454273545863197752384437758130,LIDC-IDRI-0126,137,-367.75,-27.75,2.5,True,True,0.78125,0.78125,2.5,512,512,True,True,True,True
1.3.6.1.4.1.14519.5.2.1.6279.6001.458525794434429386945463560826,LIDC-IDRI-0895,513,-303.804993,16.195,0.625,True,True,0.742188,0.742188,1.25,512,512,True,True,True,True
1.3.6.1.4.1.14519.5.2.1.6279.6001.461155505515403114280165935891,LIDC-IDRI-0097,245,-350.0,-45.0,1.25,True,True,0.833984,0.833984,1.25,512,512,True,True,True,True
1.3.6.1.4.1.14519.5.2.1.6279.6001.463214953282361219537913355115,LIDC-IDRI-0060,115,-337.0,-52.0,2.5,True,True,0.703125,0.703125,2.5,512,512,True,True,True,True
1.3.6.1.4.1.14519.5.2.1.6279.6001.463588161905537526756964393219,LIDC-IDRI-0897,468,-284.23999,7.635,0.625,True,True,0.625,0.625,1.25,512,512,True,True,True,True
1.3.6.1.4.1.14519.5.2.1.6279.6001.465032801496479029639448332481,LIDC-IDRI-0198,133,-338.75,-8.75,2.5,True,True,0.703125,0.703125,2.5,512,512,True,True,True,True
1.3.6.1.4.1.14519.5.2.1.6279.6001.466284753932369813717081722101,LIDC-IDRI-0859,278,-291.1,-14.1,1.0,True,True,0.56640625,0.56640625,1.0,512,512,True,True,True,True
1.3.6.1.4.1.14519.5.2.1.6279.6001.470912100568074901744259213968,LIDC-IDRI-0180,238,-296.5,-0.25,1.25,True,True,0.78125,0.78125,1.25,512,512,True,True,True,True
1.3.6.1.4.1.14519.5.2.1.6279.6001.472487466001405705666001578363,LIDC-IDRI-0205,135,-369.0,-34.0,2.5,True,True,0.742188,0.742188,2.5,512,512,True,True,True,True
1.3.6.1.4.1.14519.5.2.1.6279.6001.475325201787910087416720919680,LIDC-IDRI-0600,224,-320.0,-41.25,1.25,True,True,0.703125,0.703125,1.25,512,512,True,True,True,True
1.3.6.1.4.1.14519.5.2.1.6279.6001.478062284228419671253422844986,LIDC-IDRI-0477,241,-317.125,-17.125,1.25,True,True,0.644531,0.644531,1.25,512,512,True,True,True,True
1.3.6.1.4.1.14519.5.2.1.6279.6001.479402560265137632920333093071,LIDC-IDRI-0076,297,-368.75,1.25,1.25,True,True,0.787109,0.787109,1.25,512,512,True,True,True,True
1.3.6.1.4.1.14519.5.2.1.6279.6001.481278873893653517789960724156,LIDC-IDRI-0139,114,-283.5,-1.0,2.5,True,True,0.703125,0.703125,2.5,512,512,True,True,True,True
1.3.6.1.4.1.14519.5.2.1.6279.6001.483655032093002252444764787700,LIDC-IDRI-0371,474,-268.484985,27.139999,0.625,True,True,0.625,0.625,1.25,512,512,True,True,True,True
1.3.6.1.4.1.14519.5.2.1.6279.6001.486999111981013268988489262668,LIDC-IDRI-0285,151,-410.0,-35.0,2.5,True,True,0.820312,0.820312,2.5,512,512,True,True,True,True
1.3.6.1.4.1.14519.5.2.1.6279.6001.487268565754493433372433148666,LIDC-IDRI-0064,133,-359.0,-29.0,2.5,True,True,0.78125,0.78125,2.5,512,512,True,True,True,True
1.3.6.1.4.1.14519.5.2.1.6279.6001.487745546557477250336016826588,LIDC-IDRI-0023,137,-375.75,-35.75,2.5,True,True,0.742188,0.742188,2.5,512,512,True,True,True,True
1.3.6.1.4.1.14519.5.2.1.6279.6001.501205984478455794251416553685,LIDC-IDRI-0518,123,1376.5,1742.5,3.0,True,True,0.877,0.877,3.0,512,512,True,True,True,True
1.3.6.1.4.1.14519.5.2.1.6279.6001.503980049263254396021509831276,LIDC-IDRI-0043,113,-295.25,-15.25,2.5,True,True,0.742188,0.742188,2.5,512,512,True,True,True,True
1.3.6.1.4.1.14519.5.2.1.6279.6001.504324996863016748259361352296,LIDC-IDRI-0417,120,-332.980011,-35.48,2.5,True,True,0.673828,0.673828,2.5,512,512,True,True,True,True
1.3.6.1.4.1.14519.5.2.1.6279.6001.504845428620607044098514803031,LIDC-IDRI-0496,262,-326.75,-0.5,1.25,True,True,0.585938,0.585938,1.25,512,512,True,True,True,True
1.3.6.1.4.1.14519.5.2.1.6279.6001.511347030803753100045216493273,LIDC-IDRI-0044,147,-382.5,-17.5,2.5,True,True,0.703125,0.703125,2.5,512,512,True,True,True,True
1.3.6.1.4.1.14519.5.2.1.6279.6001.513023675145166449943177283490,LIDC-IDRI-0033,137,-345.25,-5.25,2.5,True,True,0.78125,0.78125,2.5,512,512,True,True,True,True
1.3.6.1.4.1.14519.5.2.1.6279.6001.518487185634324801733841260431,LIDC-IDRI-0227,137,-361.420013,-21.42,2.5,True,True,0.820312,0.820312,2.5,512,512,True,True,True,True
1.3.6.1.4.1.14519.5.2.1.6279.6001.525937963993475482158828421281,LIDC-IDRI-0756,516,-301.459991,20.415001,0.625,True,True,0.820312,0.820312,1.25,512,512,True,True,True,True
1.3.6.1.4.1.14519.5.2.1.6279.6001.526570782606728516388531252230,LIDC-IDRI-0514,142,-286.0,32.0,2.0,True,False,0.625,0.625,2.5,512,512,True,True,True,True
1.3.6.1.4.1.14519.5.2.1.6279.6001.534006575256943390479252771547,LIDC-IDRI-0994,545,-333.809998,6.19,0.625,True,True,0.722656,0.722656,1.25,512,512,True,True,True,True
1.3.6.1.4.1.14519.5.2.1.6279.6001.534083630500464995109143618896,LIDC-IDRI-0956,229,-301.0,-16.0,1.25,True,True,0.654297,0.654297,1.25,512,512,True,True,True,True
1.3.6.1.4.1.14519.5.2.1.6279.6001.550599855064600241623943717588,LIDC-IDRI-1010,252,-358.25,-44.5,1.25,True,True,0.78125,0.78125,1.25,512,512,True,True,True,True
1.3.6.1.4.1.14519.5.2.1.6279.6001.553241901808946577644850294647,LIDC-IDRI-0603,127,-333.559998,-18.559999,2.5,True,True,0.679688,0.679688,2.5,512,512,True,True,True,True
1.3.6.1.4.1.14519.5.2.1.6279.6001.557875302364105947813979213632,LIDC-IDRI-0437,557,-319.295013,28.205,0.625,True,True,0.703125,0.703125,1.25,512,512,True,True,True,True
1.3.6.1.4.1.14519.5.2.1.6279.6001.558286136379689377915919180358,LIDC-IDRI-0464,241,-313.799988,-13.8,1.25,True,True,0.585938,0.585938,1.25,512,512,True,True,True,True
1.3.6.1.4.1.14519.5.2.1.6279.6001.561423049201987049884663740668,LIDC-IDRI-0725,240,-315.75,-17.0,1.25,True,True,0.703125,0.703125,1.25,512,512,True,True,True,True
1.3.6.1.4.1.14519.5.2.1.6279.6001.561458563853929400124470098603,LIDC-IDRI-0530,163,-316.345001,7.655,2.0,True,True,0.585938,0.585938,2.5,512,512,True,True,True,True
1.3.6.1.4.1.14519.5.2.1.6279.6001.564534197011295112247542153557,LIDC-IDRI-0025,265,-310.0,20.0,1.25,True,True,0.943359,0.943359,1.25,512,512,True,True,True,True
1.3.6.1.4.1.14519.5.2.1.6279.6001.566816709786169715745131047975,LIDC-IDRI-0216,133,-366.5,-36.5,2.5,True,True,0.742188,0.742188,2.5,512,512,True,True,True,True
1.3.6.1.4.1.14519.5.2.1.6279.6001.569096986145782511000054443951,LIDC-IDRI-0416,192,-341.3,2.5,1.8000000000000007,True,True,0.56640625,0.56640625,2.0,512,512,True,True,True,True
1.3.6.1.4.1.14519.5.2.1.6279.6001.584871944187559733312703328980,LIDC-IDRI-0730,237,-305.410004,-10.41,1.25,True,True,0.5625,0.5625,1.25,512,512,True,True,True,True
1.3.6.1.4.1.14519.5.2.1.6279.6001.592821488053137951302246128864,LIDC-IDRI-0896,166,-326.5,-29.5,1.8000000000000043,True,True,0.56640625,0.56640625,2.0,512,512,True,True,True,True
1.3.6.1.4.1.14519.5.2.1.6279.6001.596908385953413160131451426904,LIDC-IDRI-0764,146,-415.309998,-52.810001,2.5,True,True,0.732422,0.732422,2.5,512,512,True,True,True,True
1.3.6.1.4.1.14519.5.2.1.6279.6001.603126300703296693942875967838,LIDC-IDRI-0160,140,-332.0,15.5,2.5,True,True,0.78125,0.78125,2.5,512,512,True,True,True,True
1.3.6.1.4.1.14519.5.2.1.6279.6001.603166427542096384265514998412,LIDC-IDRI-0704,487,-300.0,3.75,0.625,True,True,0.703125,0.703125,1.25,512,512,True,True,True,True
1.3.6.1.4.1.14519.5.2.1.6279.6001.608029415915051219877530734559,LIDC-IDRI-0483,278,-341.0,5.25,1.25,True,True,0.703125,0.703125,1.25,512,512,True,True,True,True
1.3.6.1.4.1.14519.5.2.1.6279.6001.613212850444255764524630781782,LIDC-IDRI-0080,257,-310.0,10.0,1.25,True,True,0.78125,0.78125,1.25,512,512,True,True,True,True
1.3.6.1.4.1.14519.5.2.1.6279.6001.614147706162329660656328811671,LIDC-IDRI-0257,133,-348.0,-18.0,2.5,True,True,0.78125,0.78125,2.5,512,512,True,True,True,True
1.3.6.1.4.1.14519.5.2.1.6279.6001.616033753016904899083676284739,LIDC-IDRI-0188,113,-321.915009,-41.915001,2.5,True,True,0.703125,0.703125,2.5,512,512,True,True,True,True
1.3.6.1.4.1.14519.5.2.1.6279.6001.618434772073433276874225174904,LIDC-IDRI-0369,246,-317.190002,-10.94,1.25,True,True,0.652344,0.652344,1.25,512,512,True,True,True,True
1.3.6.1.4.1.14519.5.2.1.6279.6001.619372068417051974713149104919,LIDC-IDRI-0002,261,-334.5,-9.5,1.25,True,True,0.681641,0.681641,1.25,512,512,True,True,True,True
1.3.6.1.4.1.14519.5.2.1.6279.6001.620476670380256054392660616754,LIDC-IDRI-0379,125,1275.0,1647.0,3.0,True,True,0.721,0.721,3.0,512,512,True,True,True,True
1.3.6.1.4.1.14519.5.2.1.6279.6001.621916089407825046337959219998,LIDC-IDRI-0274,133,-357.5,-27.5,2.5,True,True,0.859375,0.859375,2.5,512,512,True,True,True,True
1.3.6.1.4.1.14519.5.2.1.6279.6001.622243923620914676263059698181,LIDC-IDRI-0100,269,-350.25,-15.25,1.25,True,True,0.876953,0.876953,1.25,512,512,True,True,True,True
1.3.6.1.4.1.14519.5.2.1.6279.6001.624425075947752229712087113746,LIDC-IDRI-0976,255,-328.399994,-10.9,1.25,True,True,0.664062,0.664062,2.5,512,512,True,True,True,True
1.3.6.1.4.1.14519.5.2.1.6279.6001.625270601160880745954773142570,LIDC-IDRI-0470,248,-356.25,-47.5,1.25,True,True,0.703125,0.703125,1.25,512,512,True,True,True,True
1.3.6.1.4.1.14519.5.2.1.6279.6001.627998298349675613581885874395,LIDC-IDRI-0625,525,-412.0,-45.2,0.6999999999999886,True,True,0.66015625,0.66015625,0.75,512,512,True,True,True,True
1.3.6.1.4.1.14519.5.2.1.6279.6001.631047517458234322522264161877,LIDC-IDRI-0797,275,-350.410004,-7.91,1.25,True,True,0.703125,0.703125,1.25,512,512,True,True,True,True
1.3.6.1.4.1.14519.5.2.1.6279.6001.638926179252009401630131318338,LIDC-IDRI-0396,112,1255.0,1588.0,3.0,True,True,0.659,0.659,3.0,512,512,True,True,True,True
1.3.6.1.4.1.14519.5.2.1.6279.6001.640729228179368154416184318668,LIDC-IDRI-0923,483,-354.0,-16.6,0.6999999999999957,True,True,0.65234375,0.65234375,0.75,512,512,True,True,True,True
1.3.6.1.4.1.14519.5.2.1.6279.6001.652347820272212119124022644822,LIDC-IDRI-0082,242,-412.25,-111.0,1.25,True,True,0.703125,0.703125,1.25,512,512,True,True,True,True
1.3.6.1.4.1.14519.5.2.1.6279.6001.655242448149322898770987310561,LIDC-IDRI-0865,141,-413.25,-63.25,2.5,True,True,0.703125,0.703125,2.5,512,512,True,True,True,True
1.3.6.1.4.1.14519.5.2.1.6279.6001.657775098760536289051744981056,LIDC-IDRI-0511,120,-326.76001,-29.26,2.5,True,True,0.644531,0.644531,2.5,512,512,True,True,True,True
1.3.6.1.4.1.14519.5.2.1.6279.6001.658611160253017715059194304729,LIDC-IDRI-0826,493,-268.605011,38.895,0.625,True,True,0.742188,0.742188,1.25,512,512,True,True,True,True
1.3.6.1.4.1.14519.5.2.1.6279.6001.663019255629770796363333877035,LIDC-IDRI-0522,260,-733.400024,-474.399994,1.0,True,True,0.583984375,0.583984375,2.0,512,512,True,True,True,True
1.3.6.1.4.1.14519.5.2.1.6279.6001.664409965623578819357819577077,LIDC-IDRI-0787,163,-293.054993,30.945,2.0,True,True,0.664062,0.664062,2.5,512,512,True,True,True,True
1.3.6.1.4.1.14519.5.2.1.6279.6001.664989286137882319237192185951,LIDC-IDRI-0818,178,-203.380005,17.870001,1.25,True,True,0.703125,0.703125,1.25,512,512,True,True,True,True
1.3.6.1.4.1.14519.5.2.1.6279.6001.665044273312514967270866833277,LIDC-IDRI-0872,110,1342.0,1669.0,3.0,True,True,0.732,0.732,3.0,512,512,True,True,True,True
1.3.6.1.4.1.14519.5.2.1.6279.6001.669435869708883155232318480131,LIDC-IDRI-0077,130,-359.0,-36.5,2.5,True,True,0.664062,0.664062,2.5,512,512,True,True,True,True
1.3.6.1.4.1.14519.5.2.1.6279.6001.669518152156802508672627785405,LIDC-IDRI-0841,129,-337.980011,-17.98,2.5,True,True,0.697266,0.697266,2.5,512,512,True,True,True,True
1.3.6.1.4.1.14519.5.2.1.6279.6001.670107649586205629860363487713,LIDC-IDRI-0645,240,-329.200012,-30.450001,1.25,True,True,0.585938,0.585938,1.25,512,512,True,True,True,True
1.3.6.1.4.1.14519.5.2.1.6279.6001.671278273674156798801285503514,LIDC-IDRI-0563,179,-344.4,-24.0,1.8000000000000043,True,True,0.6640625,0.6640625,2.0,512,512,True,True,True,True
1.3.6.1.4.1.14519.5.2.1.6279.6001.674809958213117379592437424616,LIDC-IDRI-0846,139,-361.179993,-16.18,2.5,True,True,0.734375,0.734375,2.5,512,512,True,True,True,True
1.3.6.1.4.1.14519.5.2.1.6279.6001.675543413149938600000570588203,LIDC-IDRI-1007,186,-347.5,-14.5,1.8000000000000043,True,True,0.64453125,0.64453125,2.0,512,512,True,True,True,True
1.3.6.1.4.1.14519.5.2.1.6279.6001.686193079844756926365065559979,LIDC-IDRI-0293,484,-281.86499,20.01,0.625,True,True,0.605469,0.605469,1.25,512,512,True,True,True,True
1.3.6.1.4.1.14519.5.2.1.6279.6001.686768766518862600747989429768,LIDC-IDRI-1000,103,1434.0,1740.0,3.0,True,True,0.738,0.738,3.0,512,512,True,True,True,True
1.3.6.1.4.1.14519.5.2.1.6279.6001.690929968028676628605553365896,LIDC-IDRI-0348,158,-291.160004,22.84,2.0,True,True,0.722656,0.722656,2.5,512,512,True,True,True,True
1.3.6.1.4.1.14519.5.2.1.6279.6001.692598144815688523679745963696,LIDC-IDRI-0759,136,-380.480011,-42.98,2.5,True,True,0.646484,0.646484,2.5,512,512,True,True,True,True
1.3.6.1.4.1.14519.5.2.1.6279.6001.693480911433291675609148051914,LIDC-IDRI-0405,260,-725.799988,-466.799988,1.0,True,True,0.6484375,0.6484375,2.0,512,512,True,True,True,True
1.3.6.1.4.1.14519.5.2.1.6279.6001.696727502904070993160975844791,LIDC-IDRI-0107,136,1365.5,1635.5,2.0,True,True,0.644,0.644,2.0,512,512,True,True,True,True
1.3.6.1.4.1.14519.5.2.1.6279.6001.699408489230474820984000839814,LIDC-IDRI-0642,112,1373.5,1706.5,3.0,True,True,0.65,0.65,3.0,512,512,True,True,True,True
1.3.6.1.4.1.14519.5.2.1.6279.6001.701514276942509393419164159551,LIDC-IDRI-0903,126,-404.209991,-91.709999,2.5,True,True,0.703125,0.703125,2.5,512,512,True,True,True,True
1.3.6.1.4.1.14519.5.2.1.6279.6001.707218743153927597786179232739,LIDC-IDRI-0927,110,-296.76001,-24.26,2.5,True,True,0.640625,0.640625,2.5,512,512,True,True,True,True
1.3.6.1.4.1.14519.5.2.1.6279.6001.710845873679853791427022019413,LIDC-IDRI-0519,244,-338.480011,-34.73,1.25,True,True,0.617188,0.617188,1.25,512,512,True,True,True,True
1.3.6.1.4.1.14519.5.2.1.6279.6001.712472578497712558367294720243,LIDC-IDRI-0106,158,1395.0,1709.0,2.0,True,True,0.698,0.698,2.0,512,512,True,True,True,True
1.3.6.1.4.1.14519.5.2.1.6279.6001.716498695101447665580610403574,LIDC-IDRI-0525,429,-327.5,-27.9,0.6999999999999957,True,True,0.53710938,0.53710938,0.75,512,512,True,True,True,True
1.3.6.1.4.1.14519.5.2.1.6279.6001.724251104254976962355686318345,LIDC-IDRI-0794,392,-720.75,-427.5,0.75,True,True,0.638671875,0.638671875,1.5,512,512,True,True,True,True
1.3.6.1.4.1.14519.5.2.1.6279.6001.724562063158320418413995627171,LIDC-IDRI-0152,135,-365.5,-30.5,2.5,True,True,0.78125,0.78125,2.5,512,512,True,True,True,True
1.3.6.1.4.1.14519.5.2.1.6279.6001.725023183844147505748475581290,LIDC-IDRI-0325,278,-640.900024,-363.900024,1.0,True,True,0.8125,0.8125,1.0,512,512,True,True,True,True
1.3.6.1.4.1.14519.5.2.1.6279.6001.725236073737175770730904408416,LIDC-IDRI-0547,216,-205.470001,63.279999,1.25,True,True,0.703125,0.703125,1.25,512,512,True,True,True,True
1.3.6.1.4.1.14519.5.2.1.6279.6001.733642690503782454656013446707,LIDC-IDRI-0090,133,-401.5,-71.5,2.5,True,True,0.703125,0.703125,2.5,512,512,True,True,True,True
1.3.6.1.4.1.14519.5.2.1.6279.6001.741173887596751104298730976972,LIDC-IDRI-0389,113,1274.5,1610.5,3.0,True,True,0.717,0.717,3.0,512,512,True,True,True,True
1.3.6.1.4.1.14519.5.2.1.6279.6001.741709061958490690246385302477,LIDC-IDRI-0708,133,-377.5,-47.5,2.5,True,True,0.742188,0.742188,2.5,512,512,True,True,True,True
1.3.6.1.4.1.14519.5.2.1.6279.6001.743969234977916254223533321294,LIDC-IDRI-0575,362,-182.785004,42.84,0.625,True,True,0.625,0.625,1.25,512,512,True,True,True,True
1.3.6.1.4.1.14519.5.2.1.6279.6001.745109871503276594185453478952,LIDC-IDRI-0105,154,-406.25,-23.75,2.5,True,True,0.664062,0.664062,2.5,512,512,True,True,True,True
1.3.6.1.4.1.14519.5.2.1.6279.6001.747803439040091794717626507402,LIDC-IDRI-0014,114,-320.25,-37.75,2.5,True,True,0.664062,0.664062,2.5,512,512,True,True,True,True
1.3.6.1.4.1.14519.5.2.1.6279.6001.749871569713868632259874663577,LIDC-IDRI-0781,372,-183.970001,47.904999,0.625,True,True,0.585938,0.585938,1.25,512,512,True,True,True,True
1.3.6.1.4.1.14519.5.2.1.6279.6001.750792629100457382099842515038,LIDC-IDRI-0913,400,-911.950012,-612.700012,0.75,True,True,0.52734375,0.52734375,1.5,512,512,True,True,True,True
1.3.6.1.4.1.14519.5.2.1.6279.6001.752756872840730509471096155114,LIDC-IDRI-0172,127,-335.25,-20.25,2.5,True,True,0.703125,0.703125,2.5,512,512,True,True,True,True
1.3.6.1.4.1.14519.5.2.1.6279.6001.756684168227383088294595834066,LIDC-IDRI-0736,250,-354.0,-105.0,1.0,True,True,0.56640625,0.56640625,1.0,512,512,True,True,True,True
1.3.6.1.4.1.14519.5.2.1.6279.6001.762989635154095750732267242621,LIDC-IDRI-0904,101,-1163.0,-863.0,3.0,True,True,0.558,0.558,3.0,512,512,True,True,True,True
1.3.6.1.4.1.14519.5.2.1.6279.6001.765459236550358748053283544075,LIDC-IDRI-0978,350,-650.350037,-388.600037,0.75,True,True,0.724609375,0.724609375,1.5,512,512,True,True,True,True
1.3.6.1.4.1.14519.5.2.1.6279.6001.765930210026773090100532964804,LIDC-IDRI-0893,290,-787.799988,-498.799988,1.0,True,True,0.662109375,0.662109375,1.0,512,512,True,True,True,True
1.3.6.1.4.1.14519.5.2.1.6279.6001.766881513533845439335142582269,LIDC-IDRI-0754,240,-353.75,-55.0,1.25,True,True,0.703125,0.703125,1.25,512,512,True,True,True,True
1.3.6.1.4.1.14519.5.2.1.6279.6001.768276876111112560631432843476,LIDC-IDRI-0801,423,-352.5,-57.1,0.6999999999999886,True,True,0.51953125,0.51953125,0.75,512,512,True,True,True,True
1.3.6.1.4.1.14519.5.2.1.6279.6001.768856069922657732839929586657,LIDC-IDRI-0151,112,1247.5,1580.5,3.0,True,True,0.613,0.613,3.0,512,512,True,True,True,True
1.3.6.1.4.1.14519.5.2.1.6279.6001.771741891125176943862272696845,LIDC-IDRI-0779,172,-373.8,-66.0,1.8000000000000114,True,True,0.6640625,0.6640625,2.0,512,512,True,True,True,True
1.3.6.1.4.1.14519.5.2.1.6279.6001.771831598853841017505646275338,LIDC-IDRI-0715,501,-323.994995,-11.494995,0.625,True,True,0.703125,0.703125,1.25,512,512,True,True,True,True
1.3.6.1.4.1.14519.5.2.1.6279.6001.774060103415303828812229821954,LIDC-IDRI-0008,133,-345.720001,-15.72,2.5,True,True,0.78125,0.78125,2.5,512,512,True,True,True,True
1.3.6.1.4.1.14519.5.2.1.6279.6001.776429308535398795601496131524,LIDC-IDRI-0955,463,-299.144989,-10.395,0.625,True,True,0.585938,0.585938,1.25,512,512,True,True,True,True
1.3.6.1.4.1.14519.5.2.1.6279.6001.776800177074349870648765614630,LIDC-IDRI-0626,130,-366.75,-44.25,2.5,True,True,0.595703,0.595703,2.5,512,512,True,True,True,True
1.3.6.1.4.1.14519.5.2.1.6279.6001.779493719385047675154892222907,LIDC-IDRI-0051,133,-333.25,-3.25,2.5,True,True,0.9375,0.9375,2.5,512,512,True,True,True,True
1.3.6.1.4.1.14519.5.2.1.6279.6001.780558315515979171413904604168,LIDC-IDRI-0791,360,-376.0,-17.0,1.0,True,True,0.666015625,0.666015625,2.0,512,512,True,True,True,True
1.3.6.1.4.1.14519.5.2.1.6279.6001.792381786708289670758399079830,LIDC-IDRI-0543,525,-739.599976,-346.600006,0.75,True,True,0.65234375,0.65234375,1.5,512,512,True,True,True,True
1.3.6.1.4.1.14519.5.2.1.6279.6001.793644252453691436883431768064,LIDC-IDRI-0504,119,-1244.5,-890.5,3.0,True,True,0.607,0.607,3.0,512,512,True,True,True,True
1.3.6.1.4.1.14519.5.2.1.6279.6001.797637294244261543517154417124,LIDC-IDRI-0594,244,-333.730011,-29.98,1.25,True,True,0.59375,0.59375,1.25,512,512,True,True,True,True
1.3.6.1.4.1.14519.5.2.1.6279.6001.799582546798528864710752164515,LIDC-IDRI-0373,529,-296.130005,33.869999,0.625,True,True,0.664062,0.664062,1.25,512,512,True,True,True,True
1.3.6.1.4.1.14519.5.2.1.6279.6001.801945620899034889998809817499,LIDC-IDRI-0796,262,-383.25,-57.0,1.25,True,True,0.703125,0.703125,1.25,512,512,False,True,True,True
1.3.6.1.4.1.14519.5.2.1.6279.6001.802595762867498341201607992711,LIDC-IDRI-0995,124,-360.519989,-53.02,2.5,True,True,0.726562,0.726562,2.5,512,512,True,True,True,True
1.3.6.1.4.1.14519.5.2.1.6279.6001.802846969823720586279982179144,LIDC-IDRI-0365,98,-1038.0,-747.0,3.0,True,True,0.637,0.637,3.0,512,512,True,True,True,True
1.3.6.1.4.1.14519.5.2.1.6279.6001.803808126682275425758092691689,LIDC-IDRI-0032,249,-336.75,-26.75,1.25,True,True,0.962891,0.962891,1.25,512,512,True,True,True,True
1.3.6.1.4.1.14519.5.2.1.6279.6001.803987517543436570820681016103,LIDC-IDRI-0997,538,-436.5,-60.6,0.6999999999999886,True,True,0.60546875,0.60546875,0.75,512,512,True,True,True,True
1.3.6.1.4.1.14519.5.2.1.6279.6001.805925269324902055566754756843,LIDC-IDRI-0209,141,-382.25,-32.25,2.5,True,True,0.820312,0.820312,2.5,512,512,True,True,True,True
1.3.6.1.4.1.14519.5.2.1.6279.6001.811825890493256320617655474043,LIDC-IDRI-0516,122,-341.98999,-39.490002,2.5,True,True,0.570312,0.570312,2.5,512,512,True,True,True,True
1.3.6.1.4.1.14519.5.2.1.6279.6001.814122498113547115932318256859,LIDC-IDRI-0677,132,-241.059998,20.940001,2.0,True,True,0.625,0.625,2.5,512,512,True,True,True,True
1.3.6.1.4.1.14519.5.2.1.6279.6001.822128649427327893802314908658,LIDC-IDRI-0256,131,-304.25,20.75,2.5,True,True,0.722656,0.722656,2.5,512,512,True,True,True,True
1.3.6.1.4.1.14519.5.2.1.6279.6001.826812708000318290301835871780,LIDC-IDRI-0375,404,-242.835007,9.04,0.625,True,True,0.703125,0.703125,1.25,512,512,True,True,True,True
1.3.6.1.4.1.14519.5.2.1.6279.6001.826829446346820089862659555750,LIDC-IDRI-0195,133,-350.0,-20.0,2.5,True,True,0.664062,0.664062,2.5,512,512,True,True,True,True
1.3.6.1.4.1.14519.5.2.1.6279.6001.832260670372728970918746541371,LIDC-IDRI-0284,133,-364.5,-34.5,2.5,True,True,0.820312,0.820312,2.5,512,512,True,True,True,True
1.3.6.1.4.1.14519.5.2.1.6279.6001.837810280808122125183730411210,LIDC-IDRI-0162,133,-347.75,-17.75,2.5,True,True,0.78125,0.78125,2.5,512,512,True,True,True,True
1.3.6.1.4.1.14519.5.2.1.6279.6001.842317928015463083368074520378,LIDC-IDRI-0524,408,-314.5,-29.6,0.6999999999999957,True,True,0.53125,0.53125,0.75,512,512,True,True,True,True
1.3.6.1.4.1.14519.5.2.1.6279.6001.842980983137518332429408284002,LIDC-IDRI-0996,231,-856.299988,-626.299988,1.0,True,True,0.666015625,0.666015625,1.0,512,512,True,True,True,True
1.3.6.1.4.1.14519.5.2.1.6279.6001.850739282072340578344345230132,LIDC-IDRI-0688,426,-240.945007,24.68,0.625,True,True,0.546875,0.546875,1.25,512,512,True,True,True,True
1.3.6.1.4.1.14519.5.2.1.6279.6001.855232435861303786204450738044,LIDC-IDRI-1009,125,-330.5,-20.5,2.5,True,True,0.703125,0.703125,2.5,512,512,True,True,True,True
1.3.6.1.4.1.14519.5.2.1.6279.6001.861997885565255340442123234170,LIDC-IDRI-0281,119,-334.25,-39.25,2.5,True,True,0.742188,0.742188,2.5,512,512,True,True,True,True
1.3.6.1.4.1.14519.5.2.1.6279.6001.866845763956586959109892274084,LIDC-IDRI-0254,109,-275.75,-5.75,2.5,True,True,0.585938,0.585938,2.5,512,512,True,True,True,True
1.3.6.1.4.1.14519.5.2.1.6279.6001.868211851413924881662621747734,LIDC-IDRI-0192,246,-316.25,-10.0,1.25,True,True,0.859375,0.859375,1.25,512,512,True,True,True,True
1.3.6.1.4.1.14519.5.2.1.6279.6001.877026508860018521147620598474,LIDC-IDRI-0576,280,755.800049,1034.80005,1.0,True,True,0.564453125,0.564453125,1.0,512,512,True,True,True,True
1.3.6.1.4.1.14519.5.2.1.6279.6001.881807066375601978080868510714,LIDC-IDRI-0972,99,1349.0,1643.0,3.0,True,True,0.698,0.698,3.0,512,512,True,True,True,True
1.3.6.1.4.1.14519.5.2.1.6279.6001.882070241245008756731854510592,LIDC-IDRI-0018,127,-321.309998,-6.31,2.5,True,True,0.664062,0.664062,2.5,512,512,True,True,True,True
1.3.6.1.4.1.14519.5.2.1.6279.6001.885168397833922082085837240429,LIDC-IDRI-0718,259,-330.0,-7.5,1.25,True,True,0.703125,0.703125,1.25,512,512,True,True,True,True
1.3.6.1.4.1.14519.5.2.1.6279.6001.885292267869246639232975687131,LIDC-IDRI-0333,263,-341.769989,-14.27,1.25,True,True,0.585938,0.585938,1.25,512,512,True,True,True,True
1.3.6.1.4.1.14519.5.2.1.6279.6001.888291896309937415860209787179,LIDC-IDRI-0950,273,-358.5,-18.5,1.25,True,True,0.703125,0.703125,1.25,512,512,True,True,True,True
1.3.6.1.4.1.14519.5.2.1.6279.6001.888615810685807330497715730842,LIDC-IDRI-0689,272,-345.410004,-6.66,1.25,True,True,0.568359,0.568359,1.25,512,512,True,True,True,True
1.3.6.1.4.1.14519.5.2.1.6279.6001.892375496445736188832556446335,LIDC-IDRI-0884,245,-321.25,-16.25,1.25,True,True,0.664062,0.664062,1.25,512,512,True,True,True,True
1.3.6.1.4.1.14519.5.2.1.6279.6001.897161587681142256575045076919,LIDC-IDRI-0342,126,-346.75,-34.25,2.5,True,True,0.664062,0.664062,2.5,512,512,True,True,True,True
1.3.6.1.4.1.14519.5.2.1.6279.6001.897279226481700053115245043064,LIDC-IDRI-0833,246,-313.75,-7.5,1.25,True,True,0.703125,0.703125,1.25,512,512,True,True,True,True
1.3.6.1.4.1.14519.5.2.1.6279.6001.897684031374557757145405000951,LIDC-IDRI-0404,235,-845.700012,-611.700012,1.0,True,True,0.802734375,0.802734375,2.0,512,512,True,True,True,True
1.3.6.1.4.1.14519.5.2.1.6279.6001.898642529028521482602829374444,LIDC-IDRI-0814,200,-632.200012,-433.200012,1.0,True,True,0.5234375,0.5234375,1.0,512,512,True,True,True,True
1.3.6.1.4.1.14519.5.2.1.6279.6001.900182736599353600185270496549,LIDC-IDRI-0501,247,-311.75,-4.25,1.25,True,True,0.642578,0.642578,1.25,512,512,True,True,True,True
1.3.6.1.4.1.14519.5.2.1.6279.6001.905371958588660410240398317235,LIDC-IDRI-0242,152,-399.0,-21.5,2.5,True,True,0.78125,0.78125,2.5,512,512,True,True,True,True
1.3.6.1.4.1.14519.5.2.1.6279.6001.908250781706513856628130123235,LIDC-IDRI-0353,260,-318.5,5.25,1.25,True,True,0.703125,0.703125,1.25,512,512,True,True,True,True
1.3.6.1.4.1.14519.5.2.1.6279.6001.910435939545691201820711078950,LIDC-IDRI-0045,133,-359.5,-29.5,2.5,True,True,0.664062,0.664062,2.5,512,512,True,True,True,True
1.3.6.1.4.1.14519.5.2.1.6279.6001.910607280658963002048724648683,LIDC-IDRI-0644,220,-431.400024,-212.400009,1.0,True,True,0.76953125,0.76953125,1.0,512,512,True,True,True,True
1.3.6.1.4.1.14519.5.2.1.6279.6001.910757789941076242457816491305,LIDC-IDRI-0679,130,-350.23999,-27.74,2.5,True,True,0.751953,0.751953,2.5,512,512,True,True,True,True
1.3.6.1.4.1.14519.5.2.1.6279.6001.920930696356287056377683209311,LIDC-IDRI-0901,117,-1416.5,-1068.5,3.0,True,True,0.497,0.497,3.0,512,512,True,True,True,True
1.3.6.1.4.1.14519.5.2.1.6279.6001.922852847124879997825997808179,LIDC-IDRI-0462,557,-343.519989,3.98,0.625,True,True,0.703125,0.703125,1.25,512,512,True,True,True,True
1.3.6.1.4.1.14519.5.2.1.6279.6001.927394449308471452920270961822,LIDC-IDRI-0629,248,-683.400024,-436.400024,1.0,True,True,0.6328125,0.6328125,2.0,512,512,True,True,True,True
1.3.6.1.4.1.14519.5.2.1.6279.6001.931383239747372227838946053237,LIDC-IDRI-0099,194,-251.0,-9.75,1.25,True,True,0.78125,0.78125,1.25,512,512,True,True,True,True
1.3.6.1.4.1.14519.5.2.1.6279.6001.935683764293840351008008793409,LIDC-IDRI-0169,238,-273.75,22.5,1.25,True,True,0.625,0.625,1.25,512,512,True,True,True,True
1.3.6.1.4.1.14519.5.2.1.6279.6001.939152384493874708850321969356,LIDC-IDRI-0598,172,-343.8,-36.0,1.8000000000000114,True,True,0.68359375,0.68359375,2.0,512,512,True,True,True,True
1.3.6.1.4.1.14519.5.2.1.6279.6001.939216568327879462530496768794,LIDC-IDRI-0243,143,-375.25,-20.25,2.5,True,True,0.820312,0.820312,2.5,512,512,True,True,True,True
1.3.6.1.4.1.14519.5.2.1.6279.6001.943403138251347598519939390311,LIDC-IDRI-0697,210,-310.75,-49.5,1.25,True,True,0.878906,0.878906,1.25,512,512,False,True,True,True
1.3.6.1.4.1.14519.5.2.1.6279.6001.944888107209008719031293531091,LIDC-IDRI-0246,143,-385.25,-30.25,2.5,True,True,0.78125,0.78125,2.5,512,512,True,True,True,True
1.3.6.1.4.1.14519.5.2.1.6279.6001.946129570505893110165820050204,LIDC-IDRI-0734,481,-258.26001,41.740002,0.625,True,True,0.585938,0.585938,1.25,512,512,True,True,True,True
1.3.6.1.4.1.14519.5.2.1.6279.6001.948414623428298219623354433437,LIDC-IDRI-0170,206,-267.5,-11.25,1.25,True,True,0.898438,0.898438,1.25,512,512,True,True,True,True
1.3.6.1.4.1.14519.5.2.1.6279.6001.948571344159440282864365970915,LIDC-IDRI-0390,108,-331.0,-10.0,3.0,True,True,0.62890625,0.62890625,3.0,512,512,True,True,True,True
1.3.6.1.4.1.14519.5.2.1.6279.6001.952265563663939823135367733681,LIDC-IDRI-0403,331,147.5,312.5,0.5,True,True,0.49609375,0.49609375,1.25,512,512,True,True,True,True
1.3.6.1.4.1.14519.5.2.1.6279.6001.955688628308192728558382581802,LIDC-IDRI-0583,290,-677.299988,-388.299988,1.0,True,True,0.638671875,0.638671875,2.0,512,512,True,True,True,True
1.3.6.1.4.1.14519.5.2.1.6279.6001.957384617596077920906744920611,LIDC-IDRI-0320,190,-373.2,-33.0,1.8000000000000114,True,True,0.7421875,0.7421875,2.0,512,512,True,True,True,True
1.3.6.1.4.1.14519.5.2.1.6279.6001.961063442349005937536597225349,LIDC-IDRI-0498,452,-336.820007,-54.945,0.625,True,True,0.703125,0.703125,1.25,512,512,True,True,True,True
1.3.6.1.4.1.14519.5.2.1.6279.6001.964952370561266624992539111877,LIDC-IDRI-0671,251,-333.25,-20.75,1.25,True,True,0.683594,0.683594,1.25,512,512,False,True,True,True
1.3.6.1.4.1.14519.5.2.1.6279.6001.965620538050807352935663552285,LIDC-IDRI-0553,481,-295.700012,4.3,0.625,True,True,0.742188,0.742188,1.25,512,512,True,True,True,True
1.3.6.1.4.1.14519.5.2.1.6279.6001.969607480572818589276327766720,LIDC-IDRI-0474,177,-387.3,-70.5,1.8000000000000114,True,True,0.642578125,0.642578125,2.0,512,512,True,True,True,True
1.3.6.1.4.1.14519.5.2.1.6279.6001.970264865033574190975654369557,LIDC-IDRI-0542,433,-288.075012,-18.075001,0.625,True,True,0.546875,0.546875,1.25,512,512,True,True,True,True
1.3.6.1.4.1.14519.5.2.1.6279.6001.970428941353693253759289796610,LIDC-IDRI-0137,145,-397.5,-37.5,2.5,True,True,0.78125,0.78125,2.5,512,512,True,True,True,True
1.3.6.1.4.1.14519.5.2.1.6279.6001.975254950136384517744116790879,LIDC-IDRI-0873,124,-315.589996,-8.09,2.5,True,True,0.599609,0.599609,2.5,512,512,True,True,True,True
1.3.6.1.4.1.14519.5.2.1.6279.6001.975426625618184773401026809852,LIDC-IDRI-0131,197,-257.75,-12.75,1.25,True,True,0.703125,0.703125,1.25,512,512,True,True,True,True
1.3.6.1.4.1.14519.5.2.1.6279.6001.979083010707182900091062408058,LIDC-IDRI-0480,140,-237.240005,40.759998,2.0,True,True,0.664062,0.664062,2.5,512,512,True,True,True,True
1.3.6.1.4.1.14519.5.2.1.6279.6001.980362852713685276785310240144,LIDC-IDRI-0669,452,-255.710007,26.165001,0.625,True,True,0.703125,0.703125,1.25,512,512,True,True,True,True
1.3.6.1.4.1.14519.5.2.1.6279.6001.986011151772797848993829243183,LIDC-IDRI-0030,119,-294.75,0.25,2.5,True,True,0.703125,0.703125,2.5,512,512,True,True,True,True
1.3.6.1.4.1.14519.5.2.1.6279.6001.991510467496831189331312523884,LIDC-IDRI-0974,101,-334.0,-34.0,3.0,True,True,0.5859375,0.5859375,3.0,512,512,True,True,True,True
1.3.6.1.4.1.14519.5.2.1.6279.6001.994459772950022352718462251777,LIDC-IDRI-0473,291,-378.140015,-15.64,1.25,True,True,0.820312,0.820312,1.25,512,512,True,True,True,True
1.3.6.1.4.1.14519.5.2.1.6279.6001.997611074084993415992563148335,LIDC-IDRI-0493,285,-316.609985,38.389999,1.25,True,True,0.585938,0.585938,2.5,512,512,True,True,True,True
